name,win_ratio,total_fights,sub_win_ratio,point_win_ratio,decision_win_ratio,n_editions_competed,scored_points_per_fight,suffered_points_per_fight,fights_per_edition,favorite_target,most_vulnerable,n_weight_classes,main_weight_class,avg_match_importance,highest_match_importance,open_weight_ratio,n_titles,champion,custom_score,n_different_subs,fought_superfight,total_wins,debut_year,female,city,state,country,latitude,longitude
Nick Rodriguez,0.7,10.0,0.1,0.4,0.2,4.0,2.3,-0.2,2.5,Neck,Leg,1,4.0,1.5,4,0.2,0,0,0.8546283656125578,1,0,7.0,2019,0,Philadelphia,Pennsylvania,USA,39.9527237,-75.1635262
Orlando Sanchez,0.6923076923076923,13.0,0.1538461538461538,0.1538461538461538,0.3846153846153846,8.0,-0.3846153846153846,-0.4615384615384615,1.625,Neck,Other/Unknown,1,4.0,1.2307692307692308,4,0.0,1,1,0.4246577058210635,2,0,9.0,2013,0,Los Angeles,California,USA,34.0536909,-118.242766
Paul Schreiner,0.5,4.0,0.0,0.5,0.0,2.0,1.25,-0.5,2.0,No specific target,Arm,1,1.0,1.5,3,0.0,0,0,0.3052214114345373,0,0,2.0,2022,0,Santa Cruz,California,USA,37.050096,-121.99059
David Terrell,0.75,4.0,0.25,0.5,0.0,2.0,-1.0,-1.0,2.0,Leg,No specific vulnerability,1,2.0,1.5,3,0.0,0,0,0.7351920712260316,1,0,3.0,2003,0,Santa Rosa,California,USA,38.4404925,-122.7141049
Eddie Bravo,0.6666666666666666,3.0,0.6666666666666666,0.0,0.0,2.0,-0.6666666666666666,4.666666666666667,1.5,Neck,No specific vulnerability,1,0.0,1.0,2,0.0,0,0,-0.1247492483569569,2,0,2.0,2003,0,Santa Ana,California,USA,33.7494951,-117.873221
Dean Lister,0.6785714285714286,28.0,0.5714285714285714,0.1071428571428571,0.0,12.0,-0.4642857142857143,0.1785714285714285,2.3333333333333335,Leg,No specific vulnerability,2,3.0,1.3214285714285714,5,0.4285714285714285,3,1,1.0218391777536946,8,0,19.0,2001,0,San Diego,California,USA,32.7174202,-117.162772
DeAlonzio Jackson,0.4,5.0,0.0,0.2,0.2,5.0,0.4,0.0,1.0,No specific target,No specific vulnerability,1,1.0,0.4,1,0.0,0,0,-0.3731767406809314,0,0,2.0,2013,0,Chicago,Illinois,USA,41.8755616,-87.6244212
Gary Tonon,0.4444444444444444,18.0,0.2777777777777778,0.1666666666666666,0.0,9.0,-0.4444444444444444,0.3888888888888889,2.0,Leg,Neck,1,1.0,0.8888888888888888,3,0.2777777777777778,0,0,0.0451157036594358,3,0,8.0,2013,0,New Brunswick,New Jersey,USA,40.4862174,-74.4518173
Giancarlo Bodoni,0.8333333333333334,6.0,0.6666666666666666,0.1666666666666666,0.0,2.0,0.6666666666666666,0.3333333333333333,3.0,Neck,No specific vulnerability,1,2.0,1.3333333333333333,4,0.3333333333333333,1,1,1.642907908563631,4,0,5.0,2022,0,New York City,New York,USA,40.7127281,-74.0060152
Gianni Grippo,0.3333333333333333,3.0,0.0,0.3333333333333333,0.0,3.0,0.6666666666666666,2.3333333333333335,1.0,No specific target,No specific vulnerability,1,0.0,0.3333333333333333,1,0.0,0,0,-0.3795466763815461,0,0,1.0,2015,0,New York City,New York,USA,40.7127281,-74.0060152
Gordon Ryan,0.9523809523809524,21.0,0.7142857142857143,0.1428571428571428,0.0952380952380952,4.0,-0.2857142857142857,-0.5238095238095238,5.25,Neck,No specific vulnerability,3,2.0,1.9047619047619049,5,0.4285714285714285,5,1,5.417094811177859,7,0,20.0,2017,0,Monroe Township,New Jersey,USA,40.335756,-74.4334464
Justin Rader,0.625,8.0,0.0,0.5,0.125,6.0,-0.5,-0.875,1.3333333333333333,No specific target,Neck,2,0.0,1.0,3,0.0,0,0,0.0026494656553376,0,0,5.0,2009,0,Oklahoma City,Oklahoma,USA,35.4729886,-97.5170536
Keenan Cornelius,0.75,16.0,0.25,0.4375,0.0625,6.0,1.6875,-0.25,2.6666666666666665,Leg,Neck,1,2.0,1.625,4,0.25,0,0,1.1810875702690629,4,0,12.0,2013,0,Hilo,Hawaii,USA,19.685445799999997,-155.10037544637729
Ryan Hall,0.6,5.0,0.0,0.6,0.0,4.0,0.4,0.8,1.25,No specific target,Neck,1,0.0,1.0,3,0.0,0,0,0.0663488226614849,0,0,3.0,2009,0,Falls Church,Virginia,USA,38.882334,-77.1710914
Tye Ruotolo,0.5,8.0,0.125,0.25,0.125,4.0,0.0,0.375,2.0,Neck,Neck,2,2.0,1.125,3,0.375,0,0,0.0902360815387901,1,0,4.0,2019,0,Huntington Beach,California,USA,33.6783336,-118.000016
Tim Spriggs,0.5,6.0,0.3333333333333333,0.1666666666666666,0.0,4.0,0.3333333333333333,-0.6666666666666666,1.5,Neck,Neck,2,3.0,0.5,1,0.3333333333333333,0,0,-0.3397345782527041,1,0,3.0,2017,0,Baltimore,Maryland,USA,39.2908816,-76.610759
Geovanny Martinez,0.375,8.0,0.125,0.25,0.0,6.0,0.75,1.0,1.3333333333333333,Arm,Leg,1,0.0,0.875,3,0.0,0,0,-0.1565989268600306,1,0,3.0,2015,0,San Diego,California,USA,32.7174202,-117.162772
Jared Dopp,0.5333333333333333,15.0,0.0666666666666666,0.4,0.0666666666666666,7.0,-0.3333333333333333,-0.4666666666666667,2.142857142857143,Neck,Neck,1,4.0,1.2666666666666666,4,0.1333333333333333,0,0,0.3529959291891478,1,0,8.0,2013,0,Oklahoma City,Oklahoma,USA,35.4729886,-97.5170536
Mansher Khera,0.5,2.0,0.0,0.5,0.0,2.0,0.5,-0.5,1.0,No specific target,No specific vulnerability,1,1.0,0.5,1,0.0,0,0,-0.3636218371300093,0,0,1.0,2017,0,New York City,New York,USA,40.7127281,-74.0060152
AJ Agazarm,0.4444444444444444,9.0,0.0,0.2222222222222222,0.2222222222222222,6.0,-0.2222222222222222,-0.3333333333333333,1.5,No specific target,Neck,2,1.0,0.8888888888888888,4,0.1111111111111111,0,0,0.0185743049068744,0,0,4.0,2013,0,Cleveland,Ohio,USA,41.4996574,-81.6936772
Amy Campo,1.0,3.0,0.0,1.0,0.0,1.0,0.0,0.0,3.0,No specific target,No specific vulnerability,1,4.0,2.3333333333333335,4,0.0,1,1,3.60166313650266,0,0,3.0,2022,1,Ogden,Utah,USA,41.2230048,-111.9738429
Baret Yoshida,0.5,22.0,0.4090909090909091,0.0909090909090909,0.0,14.0,-0.0909090909090909,0.3636363636363636,1.5714285714285714,Neck,No specific vulnerability,1,0.0,1.0,4,0.0909090909090909,0,0,0.1209482715238969,4,0,11.0,1999,0,Honolulu,Hawaii,USA,21.304547,-157.855676
Elder Cruz,0.3333333333333333,3.0,0.0,0.0,0.3333333333333333,2.0,0.3333333333333333,2.3333333333333335,1.5,No specific target,No specific vulnerability,1,3.0,0.3333333333333333,1,0.3333333333333333,0,0,-0.3636218371300093,0,0,1.0,2022,0,Los Angeles,California,USA,34.0536909,-118.242766
James Puopolo,0.3333333333333333,3.0,0.0,0.3333333333333333,0.0,3.0,0.6666666666666666,0.3333333333333333,1.0,No specific target,Leg,1,3.0,0.3333333333333333,1,0.0,0,0,-0.3795466763815461,0,0,1.0,2013,0,Salem,Oregon,USA,44.9391565,-123.033121
Jake Shields,0.6,5.0,0.2,0.4,0.0,3.0,1.6,1.8,1.6666666666666667,Neck,No specific vulnerability,1,1.0,1.2,3,0.0,0,0,0.3529959291891478,1,0,3.0,2005,0,Summertown,Tennessee,USA,35.4347992,-87.3127914
Jon Blank,0.4,5.0,0.2,0.0,0.2,2.0,-0.8,-0.2,2.5,Leg,Neck,1,2.0,1.2,3,0.2,0,0,0.3052214114345373,1,0,2.0,2019,0,Bethlehem,Pennsylvania,USA,40.6178915,-75.3786521
Josh Hinger,0.6666666666666666,6.0,0.3333333333333333,0.3333333333333333,0.0,4.0,0.6666666666666666,1.6666666666666667,1.5,Neck,No specific vulnerability,1,2.0,1.1666666666666667,3,0.0,0,0,0.1857851170480111,2,0,4.0,2019,0,San Diego,California,USA,32.7174202,-117.162772
Joshua Cisneros,0.5,4.0,0.25,0.0,0.25,2.0,-0.5,0.0,2.0,Arm,No specific vulnerability,1,0.0,1.5,3,0.0,0,0,0.3052214114345373,1,0,2.0,2022,0,Fresno,California,USA,36.7394421,-119.78483
Jonathan Torres,0.8,15.0,0.0666666666666666,0.6,0.1333333333333333,8.0,0.8666666666666667,0.1333333333333333,1.875,Neck,Arm,1,1.0,1.2666666666666666,4,0.0,2,1,0.6874175534714212,1,0,12.0,2011,0,New York City,New York,USA,40.7127281,-74.0060152
Kade Ruotolo,1.0,4.0,1.0,0.0,0.0,1.0,0.0,0.0,4.0,Arm,No specific vulnerability,1,1.0,1.75,4,0.0,1,1,3.60166313650266,2,0,4.0,2022,0,Huntington Beach,California,USA,33.6783336,-118.000016
Kyle Boehm,0.5,2.0,0.0,0.0,0.5,2.0,-1.0,-1.0,1.0,No specific target,Neck,1,3.0,0.5,1,0.0,0,0,-0.3636218371300093,0,0,1.0,2022,0,San Diego,California,USA,32.7174202,-117.162772
Mason Fowler,0.5,4.0,0.25,0.0,0.25,4.0,-1.0,-1.0,1.0,Neck,Neck,1,2.0,0.5,1,0.0,0,0,-0.3636218371300093,1,0,2.0,2019,0,Fresno,California,USA,36.7394421,-119.78483
Matt Serra,0.75,4.0,0.5,0.25,0.0,2.0,-1.0,-1.0,2.0,Neck,No specific vulnerability,1,1.0,1.75,4,0.0,0,0,0.8307411067352526,1,0,3.0,2001,0,East Meadow,New York,USA,40.7142296,-73.5595107
Rafael Lovato Jr,0.5384615384615384,26.0,0.2692307692307692,0.2692307692307692,0.0,14.0,-0.1153846153846153,-0.5769230769230769,1.8571428571428572,Neck,Leg,2,2.0,1.3076923076923077,4,0.0769230769230769,0,0,0.1960225137097133,4,0,14.0,2007,0,Oklahoma City,Oklahoma,USA,35.4729886,-97.5170536
Ricardo Almeida,0.631578947368421,19.0,0.3684210526315789,0.2631578947368421,0.0,8.0,-0.1052631578947368,0.1052631578947368,2.375,Neck,Leg,2,3.0,1.368421052631579,4,0.3684210526315789,0,0,0.6635302945941159,6,0,12.0,1999,0,New York City,New York,USA,40.7127281,-74.0060152
Richard Alarcon,0.5,2.0,0.0,0.5,0.0,2.0,2.0,1.0,1.0,No specific target,No specific vulnerability,1,0.0,0.5,1,0.0,0,0,-0.3636218371300093,0,0,1.0,2019,0,Los Angeles,California,USA,34.0536909,-118.242766
Jeff Glover,0.5454545454545454,11.0,0.3636363636363636,0.1818181818181818,0.0,8.0,-0.8181818181818182,0.1818181818181818,1.375,Neck,No specific vulnerability,1,0.0,1.0909090909090908,3,0.0,0,0,0.0185743049068744,4,0,6.0,2007,0,Los Angeles,California,USA,34.0536909,-118.242766
Nicky Ryan,0.25,4.0,0.0,0.25,0.0,4.0,0.5,2.25,1.0,No specific target,No specific vulnerability,1,1.0,0.25,1,0.0,0,0,-0.3875090960073146,0,0,1.0,2017,0,Monroe Township,New Jersey,USA,40.335756,-74.4334464
Aaron Johnson,0.3333333333333333,3.0,0.3333333333333333,0.0,0.0,2.0,-0.3333333333333333,1.6666666666666667,1.5,Leg,No specific vulnerability,1,3.0,0.3333333333333333,1,0.6666666666666666,0,0,-0.3636218371300093,1,0,1.0,2019,0,Chicago,Illinois,USA,41.8755616,-87.6244212
Mackenzie Dern,0.75,4.0,0.25,0.25,0.25,2.0,1.0,1.5,2.0,Leg,No specific vulnerability,1,0.0,2.0,4,0.0,1,1,1.642907908563631,1,0,3.0,2015,1,Phoenix,Arizona,USA,33.4484367,-112.074141
Ricco Rodriguez,0.625,24.0,0.2916666666666667,0.25,0.0833333333333333,10.0,-0.2083333333333333,-0.5833333333333334,2.4,Arm,Arm,1,4.0,1.2083333333333333,4,0.3333333333333333,1,1,0.6396430357168107,3,0,15.0,1998,0,San Jose,California,USA,37.3361663,-121.890591
Dillon Danis,0.25,4.0,0.25,0.0,0.0,3.0,-0.75,-0.75,1.3333333333333333,Neck,Leg,1,1.0,0.25,1,0.5,0,0,-0.3795466763815461,1,0,1.0,2015,0,Parsippany,New Jersey,USA,40.8578772,-74.4259866
Kendall Reusing,0.5,2.0,0.5,0.0,0.0,2.0,-1.0,-1.0,1.0,Neck,No specific vulnerability,1,4.0,1.5,2,0.0,0,0,-0.1247492483569569,1,0,1.0,2022,1,Huntington Beach,California,USA,33.6783336,-118.000016
Edward Cummings,0.5,2.0,0.5,0.0,0.0,2.0,-1.0,-1.0,1.0,Leg,No specific vulnerability,1,0.0,0.5,1,0.0,0,0,-0.3636218371300093,1,0,1.0,2015,0,New York City,New York,USA,40.7127281,-74.0060152
Sean Alvarez,0.6666666666666666,3.0,0.0,0.6666666666666666,0.0,3.0,-0.6666666666666666,0.3333333333333333,1.0,No specific target,No specific vulnerability,1,4.0,2.0,4,0.0,0,0,0.2255972151768532,0,0,2.0,1998,0,New York City,New York,USA,40.7127281,-74.0060152
Mark Kerr,0.8333333333333334,6.0,0.0,0.8333333333333334,0.0,3.0,0.1666666666666666,-0.6666666666666666,2.0,No specific target,No specific vulnerability,1,4.0,3.0,5,0.6666666666666666,2,1,3.506114100993439,0,0,5.0,2000,0,Toledo,Ohio,USA,41.6529143,-83.5378173
John Hansen,0.5,4.0,0.0,0.0,0.25,4.0,-0.75,0.75,1.0,No specific target,Neck,1,4.0,0.5,1,0.0,0,0,-0.3636218371300093,0,0,2.0,2019,0,Milwaukee,Wisconsin,USA,43.0386475,-87.9090751
David Avellan,0.3636363636363636,11.0,0.1818181818181818,0.0,0.1818181818181818,8.0,-0.7272727272727273,0.2727272727272727,1.375,Leg,Neck,1,2.0,0.9090909090909092,3,0.2727272727272727,0,0,-0.0769747306023464,2,0,4.0,2005,0,Miami,Florida,USA,25.7741728,-80.19362
Robert Drysdale,0.5,4.0,0.5,0.0,0.0,3.0,-0.75,1.25,1.3333333333333333,Neck,No specific vulnerability,1,3.0,3.25,5,0.75,1,1,1.7862314618274622,2,0,2.0,2007,0,Provo,Utah,USA,40.2337289,-111.6587085
Garth Taylor,0.3333333333333333,3.0,0.0,0.3333333333333333,0.0,2.0,0.3333333333333333,1.3333333333333333,1.5,No specific target,No specific vulnerability,1,,1.6666666666666667,3,1.0,0,0,0.2096723759253163,0,0,1.0,1999,0,Santa Cruz,California,USA,37.050096,-121.99059
Jeff Monson,0.4615384615384615,13.0,0.0,0.4615384615384615,0.0,9.0,-0.2307692307692307,-0.7692307692307693,1.4444444444444444,No specific target,Arm,2,3.0,1.6153846153846154,4,0.1538461538461538,1,1,0.5653271192096387,0,0,6.0,1999,0,Saint Paul,Minnesota,USA,44.9497487,-93.0931028
Chael Sonnen,0.5,2.0,0.0,0.0,0.5,2.0,-1.0,-1.0,1.0,No specific target,Leg,1,,2.5,5,1.0,1,1,1.977329532845904,0,0,1.0,2017,0,West Linn,Oregon,USA,45.3656761,-122.612314
Egan Inoue,0.5,4.0,0.0,0.25,0.25,4.0,0.0,0.25,1.0,No specific target,No specific vulnerability,1,2.0,2.0,3,0.0,0,0,0.1141233404160954,0,0,2.0,1999,0,Honolulu,Hawaii,USA,21.304547,-157.855676
Matt Hughes,1.0,1.0,0.0,1.0,0.0,1.0,0.0,0.0,1.0,No specific target,No specific vulnerability,1,3.0,0.0,0,0.0,0,0,-0.4113963548846198,0,0,1.0,2000,0,Hillsboro,Illinois,USA,39.1609575,-89.4933899
Tito Ortiz,0.5,2.0,0.0,0.5,0.0,2.0,1.0,1.0,1.0,No specific target,No specific vulnerability,1,3.0,2.0,2,0.5,0,0,0.1618978581707059,0,0,1.0,2000,0,Huntington Beach,California,USA,33.6783336,-118.000016
Kyle Griffin,0.5,2.0,0.0,0.5,0.0,2.0,0.5,-0.5,1.0,No specific target,Neck,1,2.0,0.5,1,0.0,0,0,-0.3636218371300093,0,0,1.0,2011,0,Las Vegas,Nevada,USA,36.1672559,-115.148516
Mike Fowler,0.3333333333333333,3.0,0.3333333333333333,0.0,0.0,2.0,-1.0,-1.0,1.5,Leg,Neck,1,1.0,2.0,3,0.0,0,0,0.3052214114345373,1,0,1.0,2007,0,Virginia Beach,Virginia,USA,36.8496579,-75.9760751
Andy Varela,0.0,2.0,0.0,0.0,0.0,1.0,0.0,0.0,2.0,No specific target,Neck,1,1.0,0.0,0,0.5,0,0,-0.4113963548846198,0,0,0.0,2022,0,Las Vegas,Nevada,USA,36.1672559,-115.148516
Enrico Cocco,0.0,3.0,0.0,0.0,0.0,1.0,0.0,0.0,3.0,No specific target,No specific vulnerability,1,1.0,0.0,0,0.0,0,0,-0.4113963548846198,0,0,0.0,2011,0,Miami,Florida,USA,25.7741728,-80.19362
Edwin Najmi,0.0,2.0,0.0,0.0,0.0,1.0,0.0,0.0,2.0,No specific target,Leg,1,1.0,0.0,0,0.5,0,0,-0.4113963548846198,0,0,0.0,2019,0,Los Angeles,California,USA,34.0536909,-118.242766
Jonathan Satava,0.0,1.0,0.0,0.0,0.0,1.0,0.0,0.0,1.0,No specific target,No specific vulnerability,1,1.0,0.0,0,0.0,0,0,-0.4113963548846198,0,0,0.0,2019,0,New York City,New York,USA,40.7127281,-74.0060152
Keith Krikorian,0.0,3.0,0.0,0.0,0.0,1.0,0.0,0.0,3.0,No specific target,Leg,1,0.0,0.0,0,0.3333333333333333,0,0,-0.4113963548846198,0,0,0.0,2019,0,San Diego,California,USA,32.7174202,-117.162772
John Combs,0.0,1.0,0.0,0.0,0.0,1.0,0.0,0.0,1.0,No specific target,No specific vulnerability,1,1.0,0.0,0,0.0,0,0,-0.4113963548846198,0,0,0.0,2019,0,Boulder,Colorado,USA,40.0149856,-105.270545
Alec Baulding,0.0,1.0,0.0,0.0,0.0,1.0,0.0,0.0,1.0,No specific target,No specific vulnerability,1,2.0,0.0,0,0.0,0,0,-0.4113963548846198,0,0,0.0,2019,0,Atlanta,Georgia,USA,33.7489924,-84.3902644
Clark Gracie,0.0,2.0,0.0,0.0,0.0,1.0,0.0,0.0,2.0,No specific target,No specific vulnerability,1,1.0,0.0,0,0.0,0,0,-0.4113963548846198,0,0,0.0,2011,0,San Diego,California,USA,32.7174202,-117.162772
John Salter,0.0,1.0,0.0,0.0,0.0,1.0,0.0,0.0,1.0,No specific target,Arm,1,2.0,0.0,0,0.0,0,0,-0.4113963548846198,0,0,0.0,2017,0,Birmingham,Alabama,USA,33.5206824,-86.8024326
Elisabeth Clay,0.0,1.0,0.0,0.0,0.0,1.0,0.0,0.0,1.0,No specific target,No specific vulnerability,1,4.0,1.0,1,0.0,0,0,-0.3158473193753989,0,0,0.0,2022,1,Anchorage,Alaska,USA,61.2163129,-149.894852
Cole Abate,0.0,1.0,0.0,0.0,0.0,1.0,0.0,0.0,1.0,No specific target,No specific vulnerability,1,,0.0,0,0.0,0,0,-0.4113963548846198,0,0,0.0,2022,0,Austin,Texas,USA,30.2711286,-97.7436995
Devhonte Johnson,0.0,1.0,0.0,0.0,0.0,1.0,0.0,0.0,1.0,No specific target,No specific vulnerability,1,3.0,0.0,0,0.0,0,0,-0.4113963548846198,0,0,0.0,2022,0,Newark,New Jersey,USA,40.735657,-74.1723667
Shane Hill-Taylor,0.0,1.0,0.0,0.0,0.0,1.0,0.0,0.0,1.0,No specific target,No specific vulnerability,1,1.0,0.0,0,0.0,0,0,-0.4113963548846198,0,0,0.0,2019,0,Baltimore,Maryland,USA,39.2908816,-76.610759
James Brasco,0.0,2.0,0.0,0.0,0.0,1.0,0.0,0.0,2.0,No specific target,No specific vulnerability,1,2.0,0.5,1,0.0,0,0,-0.3158473193753989,0,0,0.0,2009,0,Miami,Florida,USA,25.7741728,-80.19362
Mark Ramos,0.0,3.0,0.0,0.0,0.0,1.0,0.0,0.0,3.0,No specific target,Neck,1,0.0,0.3333333333333333,1,0.0,0,0,-0.3158473193753989,0,0,0.0,2011,0,Chicago,Illinois,USA,41.8755616,-87.6244212
Amanda Alequin / Santana,0.0,1.0,0.0,0.0,0.0,1.0,0.0,0.0,1.0,No specific target,Leg,1,4.0,1.0,1,0.0,0,0,-0.3158473193753989,0,0,0.0,2017,1,New York City,New York,USA,40.7127281,-74.0060152
Nate Marquardt,0.0,1.0,0.0,0.0,0.0,1.0,0.0,0.0,1.0,No specific target,Arm,1,,0.0,0,1.0,0,0,-0.4113963548846198,0,0,0.0,2003,0,Lander,Wyoming,USA,42.8330755,-108.730702
Ezra Lenon,0.0,1.0,0.0,0.0,0.0,1.0,0.0,0.0,1.0,No specific target,Leg,1,3.0,1.0,1,0.0,0,0,-0.3158473193753989,0,0,0.0,2013,0,St. Louis,Missouri,USA,38.6280278,-90.1910154
Tammy Griego,0.0,1.0,0.0,0.0,0.0,1.0,0.0,0.0,1.0,No specific target,No specific vulnerability,1,4.0,2.0,2,0.0,0,0,-0.029200212847736,0,0,0.0,2013,1,Albuquerque,New Mexico,USA,35.0841034,-106.650985
Erza Lennon,0.0,1.0,0.0,0.0,0.0,1.0,0.0,0.0,1.0,No specific target,Leg,1,,0.0,0,1.0,0,0,-0.4113963548846198,0,0,0.0,2013,0,St. Louis,Missouri,USA,38.6280278,-90.1910154
Jason Manly,0.0,1.0,0.0,0.0,0.0,1.0,0.0,0.0,1.0,No specific target,Neck,1,1.0,0.0,0,0.0,0,0,-0.4113963548846198,0,0,0.0,2011,0,San Francisco,California,USA,37.7792588,-122.4193286
Josh Hayden,0.0,1.0,0.0,0.0,0.0,1.0,0.0,0.0,1.0,No specific target,No specific vulnerability,1,2.0,0.0,0,0.0,0,0,-0.4113963548846198,0,0,0.0,2013,0,Louisville,Kentucky,USA,38.2542376,-85.759407
Urija Faber,0.0,1.0,0.0,0.0,0.0,1.0,0.0,0.0,1.0,No specific target,No specific vulnerability,1,1.0,0.0,0,0.0,0,0,-0.4113963548846198,0,0,0.0,2005,0,Isla Vista,California,USA,34.4115125,-119.8562131
Jimmy Freidrich,0.0,1.0,0.0,0.0,0.0,1.0,0.0,0.0,1.0,No specific target,Leg,1,4.0,0.0,0,0.0,0,0,-0.4113963548846198,0,0,0.0,2013,0,San Diego,California,USA,32.7174202,-117.162772
Jeff Curran,0.0,1.0,0.0,0.0,0.0,1.0,0.0,0.0,1.0,No specific target,No specific vulnerability,1,0.0,0.0,0,0.0,0,0,-0.4113963548846198,0,0,0.0,2009,0,Crystal Lake,Illinois,USA,42.2411344,-88.3161965
Elliot Marshal,0.0,1.0,0.0,0.0,0.0,1.0,0.0,0.0,1.0,No specific target,Arm,1,4.0,0.0,0,0.0,0,0,-0.4113963548846198,0,0,0.0,2019,0,Boulder,Colorado,USA,40.0149856,-105.270545
Jesseray Childrey,0.0,1.0,0.0,0.0,0.0,1.0,0.0,0.0,1.0,No specific target,No specific vulnerability,1,4.0,0.0,0,0.0,0,0,-0.4113963548846198,0,0,0.0,2017,0,Richmond,Virginia,USA,37.5385087,-77.43428
Eliott Kelly,0.0,2.0,0.0,0.0,0.0,1.0,0.0,0.0,2.0,No specific target,No specific vulnerability,1,3.0,0.0,0,0.5,0,0,-0.4113963548846198,0,0,0.0,2017,0,Sacramento,California,USA,38.5810606,-121.493895
Jon Hansen,0.0,1.0,0.0,0.0,0.0,1.0,0.0,0.0,1.0,No specific target,Leg,1,,0.0,0,1.0,0,0,-0.4113963548846198,0,0,0.0,2019,0,Salt Lake City,Utah,USA,40.7596198,-111.886797
Rocky Batastini,0.0,1.0,0.0,0.0,0.0,1.0,0.0,0.0,1.0,No specific target,Arm,1,4.0,0.0,0,0.0,0,0,-0.4113963548846198,0,0,0.0,1999,0,San Francisco,California,USA,37.7792588,-122.4193286
Trevor Lally,0.0,1.0,0.0,0.0,0.0,1.0,0.0,0.0,1.0,No specific target,Arm,1,0.0,1.0,1,0.0,0,0,-0.3158473193753989,0,0,0.0,1998,0,Phoenix,Arizona,USA,33.4484367,-112.074141
Joe Gilbert,0.0,1.0,0.0,0.0,0.0,1.0,0.0,0.0,1.0,No specific target,Neck,1,0.0,2.0,2,0.0,0,0,-0.029200212847736,0,0,0.0,2000,0,Los Angeles,California,USA,34.0536909,-118.242766
Erik Paulson,0.0,1.0,0.0,0.0,0.0,1.0,0.0,0.0,1.0,No specific target,No specific vulnerability,1,3.0,0.0,0,0.0,0,0,-0.4113963548846198,0,0,0.0,2003,0,Chicago,Illinois,USA,41.8755616,-87.6244212
Jamal Peterson,0.0,1.0,0.0,0.0,0.0,1.0,0.0,0.0,1.0,No specific target,No specific vulnerability,1,3.0,1.0,1,0.0,0,0,-0.3158473193753989,0,0,0.0,2005,0,New York City,New York,USA,40.7127281,-74.0060152
Tim Carpenter,0.0,1.0,0.0,0.0,0.0,1.0,0.0,0.0,1.0,No specific target,Arm,1,3.0,1.0,1,0.0,0,0,-0.3158473193753989,0,0,0.0,2007,0,Philadelphia,Pennsylvania,USA,39.9527237,-75.1635262
Chris Weidman,0.0,1.0,0.0,0.0,0.0,1.0,0.0,0.0,1.0,No specific target,No specific vulnerability,1,2.0,1.0,1,0.0,0,0,-0.3158473193753989,0,0,0.0,2009,0,Baldwin,New York,USA,40.6507766,-73.6124106
Tom Bass,0.0,1.0,0.0,0.0,0.0,1.0,0.0,0.0,1.0,No specific target,No specific vulnerability,1,,0.0,0,1.0,0,0,-0.4113963548846198,0,0,0.0,2009,0,Salt Lake City,Utah,USA,40.7596198,-111.886797
Don Ortega,0.0,2.0,0.0,0.0,0.0,1.0,0.0,0.0,2.0,No specific target,Neck,1,1.0,0.0,0,0.0,0,0,-0.4113963548846198,0,0,0.0,2009,0,Albuquerque,New Mexico,USA,35.0841034,-106.650985
Mike Van,0.0,2.0,0.0,0.0,0.0,1.0,0.0,0.0,2.0,No specific target,Arm,1,4.0,1.0,2,0.5,0,0,-0.029200212847736,0,0,0.0,2003,0,Los Angeles,California,USA,34.0536909,-118.242766
Matt Lindland,0.0,2.0,0.0,0.0,0.0,1.0,0.0,0.0,2.0,No specific target,Arm,1,2.0,0.5,1,0.5,0,0,-0.3158473193753989,0,0,0.0,2003,0,Portland,Oregon,USA,45.5202471,-122.674194
Reese Andy,0.0,1.0,0.0,0.0,0.0,1.0,0.0,0.0,1.0,No specific target,Leg,1,,0.0,0,1.0,0,0,-0.4113963548846198,0,0,0.0,2005,0,Seattle,Washington,USA,47.6038321,-122.330062
Jimmy Friedrich,0.0,1.0,0.0,0.0,0.0,1.0,0.0,0.0,1.0,No specific target,Neck,1,3.0,1.0,1,0.0,0,0,-0.3158473193753989,0,0,0.0,2015,0,San Diego,California,USA,32.7174202,-117.162772
Josh Saunders,0.0,1.0,0.0,0.0,0.0,1.0,0.0,0.0,1.0,No specific target,No specific vulnerability,1,4.0,0.0,0,0.0,0,0,-0.4113963548846198,0,0,0.0,2022,0,Dallas,Texas,USA,32.7762719,-96.7968559
Diego Sanchez,0.0,2.0,0.0,0.0,0.0,1.0,0.0,0.0,2.0,No specific target,Arm,1,1.0,0.5,1,0.5,0,0,-0.3158473193753989,0,0,0.0,2005,0,Albuquerque,New Mexico,USA,35.0841034,-106.650985
Cameron Earle,0.0,1.0,0.0,0.0,0.0,1.0,0.0,0.0,1.0,No specific target,No specific vulnerability,1,1.0,1.0,1,0.0,0,0,-0.3158473193753989,0,0,0.0,2005,0,San Francisco,California,USA,37.7792588,-122.4193286
Micah Pittman,0.0,1.0,0.0,0.0,0.0,1.0,0.0,0.0,1.0,No specific target,Neck,1,1.0,1.0,1,0.0,0,0,-0.3158473193753989,0,0,0.0,1999,0,Miami,Florida,USA,25.7741728,-80.19362
Mikey Burnet,0.0,1.0,0.0,0.0,0.0,1.0,0.0,0.0,1.0,No specific target,Neck,1,1.0,1.0,1,0.0,0,0,-0.3158473193753989,0,0,0.0,2000,0,Tulsa,Oklahoma,USA,36.1563122,-95.9927516
James Poupolo,0.0,1.0,0.0,0.0,0.0,1.0,0.0,0.0,1.0,No specific target,Leg,1,3.0,0.0,0,0.0,0,0,-0.4113963548846198,0,0,0.0,2011,0,Salem,Oregon,USA,44.9391565,-123.033121
Michael Wilson,0.0,1.0,0.0,0.0,0.0,1.0,0.0,0.0,1.0,No specific target,Neck,1,4.0,0.0,0,0.0,0,0,-0.4113963548846198,0,0,0.0,2013,0,Austin,Texas,USA,30.2711286,-97.7436995
Jason Lees,0.0,1.0,0.0,0.0,0.0,1.0,0.0,0.0,1.0,No specific target,No specific vulnerability,1,4.0,0.0,0,0.0,0,0,-0.4113963548846198,0,0,0.0,2015,0,San Diego,California,USA,32.7174202,-117.162772
Egan Inoe,0.0,1.0,0.0,0.0,0.0,1.0,0.0,0.0,1.0,No specific target,No specific vulnerability,1,2.0,1.0,1,0.0,0,0,-0.3158473193753989,0,0,0.0,2000,0,Honolulu,Hawaii,USA,21.304547,-157.855676
Larry Parker,0.0,1.0,0.0,0.0,0.0,1.0,0.0,0.0,1.0,No specific target,Arm,1,3.0,1.0,1,0.0,0,0,-0.3158473193753989,0,0,0.0,1998,0,Atlanta,Georgia,USA,33.7489924,-84.3902644
Joey Gilbert,0.0,1.0,0.0,0.0,0.0,1.0,0.0,0.0,1.0,No specific target,Neck,1,1.0,1.0,1,0.0,0,0,-0.3158473193753989,0,0,0.0,2005,0,San Francisco,California,USA,37.7792588,-122.4193286
Rob Di,0.0,1.0,0.0,0.0,0.0,1.0,0.0,0.0,1.0,No specific target,Neck,1,1.0,2.0,2,0.0,0,0,-0.029200212847736,0,0,0.0,2005,0,Miami,Florida,USA,25.7741728,-80.19362
Kurt Pellegrino,0.0,1.0,0.0,0.0,0.0,1.0,0.0,0.0,1.0,No specific target,Neck,1,1.0,1.0,1,0.0,0,0,-0.3158473193753989,0,0,0.0,2007,0,Belmar,New Jersey,USA,40.1784471,-74.0218037
Van Arsdale,0.0,1.0,0.0,0.0,0.0,1.0,0.0,0.0,1.0,No specific target,Leg,1,4.0,0.0,0,0.0,0,0,-0.4113963548846198,0,0,0.0,2001,0,Phoenix,Arizona,USA,33.4484367,-112.074141
Mike Whitehead,0.0,1.0,0.0,0.0,0.0,1.0,0.0,0.0,1.0,No specific target,No specific vulnerability,1,4.0,0.0,0,0.0,0,0,-0.4113963548846198,0,0,0.0,2003,0,Las Vegas,Nevada,USA,36.1672559,-115.148516
Thomas DeBlass,0.0,2.0,0.0,0.0,0.0,1.0,0.0,0.0,2.0,No specific target,No specific vulnerability,1,4.0,0.5,1,0.0,0,0,-0.3158473193753989,0,0,0.0,2009,0,Ocean County,New Jersey,USA,39.977818,-74.3319287
Ben Henderson,0.0,2.0,0.0,0.0,0.0,1.0,0.0,0.0,2.0,No specific target,Arm,1,1.0,0.5,1,0.5,0,0,-0.3158473193753989,0,0,0.0,2013,0,Phoenix,Arizona,USA,33.4484367,-112.074141
Ben Askren,0.0,1.0,0.0,0.0,0.0,1.0,0.0,0.0,1.0,No specific target,Leg,1,1.0,1.0,1,0.0,0,0,-0.3158473193753989,0,0,0.0,2009,0,Phoenix,Arizona,USA,33.4484367,-112.074141
Jacob Rodriguez,0.0,1.0,0.0,0.0,0.0,1.0,0.0,0.0,1.0,No specific target,No specific vulnerability,1,2.0,0.0,0,0.0,0,0,-0.4113963548846198,0,0,0.0,2022,0,Austin,Texas,USA,30.2711286,-97.7436995
Tom Lawlor,0.0,1.0,0.0,0.0,0.0,1.0,0.0,0.0,1.0,No specific target,No specific vulnerability,1,2.0,0.0,0,0.0,0,0,-0.4113963548846198,0,0,0.0,2009,0,Las Vegas,Nevada,USA,36.1672559,-115.148516
Frank Trigg,0.0,1.0,0.0,0.0,0.0,1.0,0.0,0.0,1.0,No specific target,No specific vulnerability,1,1.0,0.0,0,0.0,0,0,-0.4113963548846198,0,0,0.0,1998,0,Las Vegas,Nevada,USA,36.1672559,-115.148516
Chris Brown,0.0,2.0,0.0,0.0,0.0,1.0,0.0,0.0,2.0,No specific target,No specific vulnerability,1,1.0,1.5,3,0.0,0,0,0.4485449646983687,0,0,0.0,2001,0,Houston,Texas,USA,29.7589382,-95.3676974
Josh Barnet,0.0,1.0,0.0,0.0,0.0,1.0,0.0,0.0,1.0,No specific target,Neck,1,,0.0,0,1.0,0,0,-0.4113963548846198,0,0,0.0,2000,0,Seattle,Washington,USA,47.6038321,-122.330062
Andy Reese,0.0,1.0,0.0,0.0,0.0,1.0,0.0,0.0,1.0,No specific target,No specific vulnerability,1,2.0,1.0,1,0.0,0,0,-0.3158473193753989,0,0,0.0,2003,0,Denver,Colorado,USA,39.7392364,-104.984862
Roger Neff,0.0,2.0,0.0,0.0,0.0,1.0,0.0,0.0,2.0,No specific target,Leg,1,4.0,0.5,1,0.5,0,0,-0.3158473193753989,0,0,0.0,2001,0,Los Angeles,California,USA,34.0536909,-118.242766
Travis Lutter,0.0,2.0,0.0,0.0,0.0,1.0,0.0,0.0,2.0,No specific target,No specific vulnerability,1,2.0,0.0,0,0.0,0,0,-0.4113963548846198,0,0,0.0,2000,0,Dallas,Texas,USA,32.7762719,-96.7968559
Jerry Bolander,0.0,2.0,0.0,0.0,0.0,1.0,0.0,0.0,2.0,No specific target,No specific vulnerability,1,2.0,0.5,1,0.0,0,0,-0.3158473193753989,0,0,0.0,1999,0,San Francisco,California,USA,37.7792588,-122.4193286
Pete Williams,0.0,1.0,0.0,0.0,0.0,1.0,0.0,0.0,1.0,No specific target,No specific vulnerability,1,4.0,1.0,1,0.0,0,0,-0.3158473193753989,0,0,0.0,2000,0,Las Vegas,Nevada,USA,36.1672559,-115.148516
Asa Fuller,0.0,1.0,0.0,0.0,0.0,1.0,0.0,0.0,1.0,No specific target,No specific vulnerability,1,4.0,1.0,1,0.0,0,0,-0.3158473193753989,0,0,0.0,2009,0,Phoenix,Arizona,USA,33.4484367,-112.074141
Joe Guilbert,0.0,1.0,0.0,0.0,0.0,1.0,0.0,0.0,1.0,No specific target,No specific vulnerability,1,0.0,1.0,1,0.0,0,0,-0.3158473193753989,0,0,0.0,2001,0,Boston,Massachusetts,USA,42.3554334,-71.060511
Joseph Lee,0.0,1.0,0.0,0.0,0.0,1.0,0.0,0.0,1.0,No specific target,Arm,1,3.0,0.0,0,0.0,0,0,-0.4113963548846198,0,0,0.0,2011,0,San Diego,California,USA,32.7174202,-117.162772
Nathan Marquardt,0.0,1.0,0.0,0.0,0.0,1.0,0.0,0.0,1.0,No specific target,No specific vulnerability,1,2.0,0.0,0,0.0,0,0,-0.4113963548846198,0,0,0.0,2003,0,Denver,Colorado,USA,39.7392364,-104.984862
Justin Garcia,0.0,1.0,0.0,0.0,0.0,1.0,0.0,0.0,1.0,No specific target,Neck,1,3.0,0.0,0,0.0,0,0,-0.4113963548846198,0,0,0.0,2005,0,New York City,New York,USA,40.7127281,-74.0060152
Travers Grubb,0.0,1.0,0.0,0.0,0.0,1.0,0.0,0.0,1.0,No specific target,No specific vulnerability,1,2.0,0.0,0,0.0,0,0,-0.4113963548846198,0,0,0.0,2007,0,Chicago,Illinois,USA,41.8755616,-87.6244212
C. Jones,0.0,1.0,0.0,0.0,0.0,1.0,0.0,0.0,1.0,No specific target,Arm,1,2.0,0.0,0,0.0,0,0,-0.4113963548846198,0,0,0.0,2015,0,Atlanta,Georgia,USA,33.7489924,-84.3902644
Dennis Hallman,0.0,3.0,0.0,0.0,0.0,1.0,0.0,0.0,3.0,No specific target,Arm,1,2.0,1.6666666666666667,3,0.0,0,0,0.8307411067352526,0,0,0.0,2000,0,Seattle,Washington,USA,47.6038321,-122.330062
James Harbison,0.0,1.0,0.0,0.0,0.0,1.0,0.0,0.0,1.0,No specific target,No specific vulnerability,1,2.0,0.0,0,0.0,0,0,-0.4113963548846198,0,0,0.0,2011,0,Miami,Florida,USA,25.7741728,-80.19362
Dan Schon,0.0,1.0,0.0,0.0,0.0,1.0,0.0,0.0,1.0,No specific target,Leg,1,2.0,0.0,0,0.0,0,0,-0.4113963548846198,0,0,0.0,2011,0,Phoenix,Arizona,USA,33.4484367,-112.074141
Mike Cardosa,0.0,1.0,0.0,0.0,0.0,1.0,0.0,0.0,1.0,No specific target,Leg,1,0.0,1.0,1,0.0,0,0,-0.3158473193753989,0,0,0.0,2001,0,Austin,Texas,USA,30.2711286,-97.7436995
Charles Pearson,0.0,1.0,0.0,0.0,0.0,1.0,0.0,0.0,1.0,No specific target,Neck,1,0.0,0.0,0,0.0,0,0,-0.4113963548846198,0,0,0.0,2003,0,Los Angeles,California,USA,34.0536909,-118.242766
Joel Tudor,0.0,1.0,0.0,0.0,0.0,1.0,0.0,0.0,1.0,No specific target,Neck,1,0.0,1.0,1,0.0,0,0,-0.3158473193753989,0,0,0.0,2009,0,San Diego,California,USA,32.7174202,-117.162772
Vernon White,0.0,1.0,0.0,0.0,0.0,1.0,0.0,0.0,1.0,No specific target,No specific vulnerability,1,3.0,1.0,1,0.0,0,0,-0.3158473193753989,0,0,0.0,1999,0,Las Vegas,Nevada,USA,36.1672559,-115.148516
Dave Menne,0.0,1.0,0.0,0.0,0.0,1.0,0.0,0.0,1.0,No specific target,Neck,1,2.0,1.0,1,0.0,0,0,-0.3158473193753989,0,0,0.0,2000,0,Minneapolis,Minnesota,USA,44.9772995,-93.2654692
Chris Wideman,0.0,1.0,0.0,0.0,0.0,1.0,0.0,0.0,1.0,No specific target,Arm,1,,1.0,1,1.0,0,0,-0.3158473193753989,0,0,0.0,2009,0,New York City,New York,USA,40.7127281,-74.0060152
Luke Costello,0.0,1.0,0.0,0.0,0.0,1.0,0.0,0.0,1.0,No specific target,No specific vulnerability,1,4.0,0.0,0,0.0,0,0,-0.4113963548846198,0,0,0.0,2011,0,San Francisco,California,USA,37.7792588,-122.4193286
Jayson Patino,0.0,1.0,0.0,0.0,0.0,1.0,0.0,0.0,1.0,No specific target,Neck,1,0.0,0.0,0,0.0,0,0,-0.4113963548846198,0,0,0.0,2009,0,Orlando,Florida,USA,28.5421109,-81.3790304
Ryan Harvey,0.0,1.0,0.0,0.0,0.0,1.0,0.0,0.0,1.0,No specific target,Neck,1,1.0,0.0,0,0.0,0,0,-0.4113963548846198,0,0,0.0,1999,0,New York City,New York,USA,40.7127281,-74.0060152
Jason White,0.0,1.0,0.0,0.0,0.0,1.0,0.0,0.0,1.0,No specific target,Arm,1,4.0,0.0,0,0.0,0,0,-0.4113963548846198,0,0,0.0,2005,0,Austin,Texas,USA,30.2711286,-97.7436995
Damon Ramos,0.0,1.0,0.0,0.0,0.0,1.0,0.0,0.0,1.0,No specific target,No specific vulnerability,1,4.0,0.0,0,0.0,0,0,-0.4113963548846198,0,0,0.0,2022,0,Los Angeles,California,USA,34.0536909,-118.242766
Hudson Taylor,0.0,1.0,0.0,0.0,0.0,1.0,0.0,0.0,1.0,No specific target,No specific vulnerability,1,4.0,0.0,0,0.0,0,0,-0.4113963548846198,0,0,0.0,2019,0,New York City,New York,USA,40.7127281,-74.0060152
Adam Sachnoff,0.0,1.0,0.0,0.0,0.0,1.0,0.0,0.0,1.0,No specific target,Neck,1,3.0,0.0,0,0.0,0,0,-0.4113963548846198,0,0,0.0,2015,0,San Francisco,California,USA,37.7792588,-122.4193286
Bob Schirmer,0.0,1.0,0.0,0.0,0.0,1.0,0.0,0.0,1.0,No specific target,Neck,1,1.0,0.0,0,0.0,0,0,-0.4113963548846198,0,0,0.0,2000,0,Chicago,Illinois,USA,41.8755616,-87.6244212
Chris Brennan,0.0,1.0,0.0,0.0,0.0,1.0,0.0,0.0,1.0,No specific target,No specific vulnerability,1,1.0,0.0,0,0.0,0,0,-0.4113963548846198,0,0,0.0,2005,0,San Diego,California,USA,32.7174202,-117.162772
Davis Heart,0.0,1.0,0.0,0.0,0.0,1.0,0.0,0.0,1.0,No specific target,Neck,1,1.0,0.0,0,0.0,0,0,-0.4113963548846198,0,0,0.0,2011,0,Las Vegas,Nevada,USA,36.1672559,-115.148516
Davion Peterson,0.0,1.0,0.0,0.0,0.0,1.0,0.0,0.0,1.0,No specific target,Neck,1,2.0,0.0,0,0.0,0,0,-0.4113963548846198,0,0,0.0,2003,0,Phoenix,Arizona,USA,33.4484367,-112.074141
Dan Martinez,0.0,1.0,0.0,0.0,0.0,1.0,0.0,0.0,1.0,No specific target,No specific vulnerability,1,3.0,0.0,0,0.0,0,0,-0.4113963548846198,0,0,0.0,2019,0,Tampa,Florida,USA,27.9477595,-82.458444
Jason Brudvik,0.0,1.0,0.0,0.0,0.0,1.0,0.0,0.0,1.0,No specific target,No specific vulnerability,1,1.0,0.0,0,0.0,0,0,-0.4113963548846198,0,0,0.0,2005,0,Seattle,Washington,USA,47.6038321,-122.330062
Jason Ramsterrer,0.0,1.0,0.0,0.0,0.0,1.0,0.0,0.0,1.0,No specific target,Neck,1,1.0,0.0,0,0.0,0,0,-0.4113963548846198,0,0,0.0,2003,0,Denver,Colorado,USA,39.7392364,-104.984862
Amanda Leve,0.0,1.0,0.0,0.0,0.0,1.0,0.0,0.0,1.0,No specific target,Neck,1,4.0,1.0,1,0.0,0,0,-0.3158473193753989,0,0,0.0,2019,1,Philadelphia,Pennsylvania,USA,39.9527237,-75.1635262
William Tackett,0.0,1.0,0.0,0.0,0.0,1.0,0.0,0.0,1.0,No specific target,Leg,1,1.0,0.0,0,0.0,0,0,-0.4113963548846198,0,0,0.0,2022,0,Austin,Texas,USA,30.2711286,-97.7436995
Murilo Santana,0.4545454545454545,11.0,0.1818181818181818,0.1818181818181818,0.0909090909090909,7.0,-0.2727272727272727,0.0,1.5714285714285714,Arm,Neck,2,2.0,0.8181818181818182,3,0.3636363636363636,0,0,-0.1656988350037659,1,0,5.0,2009,0,São Paulo,NaN,Brazil,-1.2043218,-47.1583944
Nicholas Meregali,0.75,8.0,0.125,0.25,0.25,2.0,0.125,-0.375,4.0,Arm,No specific vulnerability,1,3.0,1.625,4,0.5,0,0,1.977329532845904,1,0,6.0,2022,0,Santo Antônio da Patrulha,NaN,Brazil,-29.826768,-50.517489
Otavio Sousa,0.625,8.0,0.375,0.125,0.125,4.0,-0.75,0.5,2.0,Neck,Neck,1,1.0,1.625,4,0.0,0,0,0.5679812590848949,2,0,5.0,2013,0,Recife,NaN,Brazil,-8.0584933,-34.8848193
Pablo Mantovani,0.5,6.0,0.0,0.3333333333333333,0.1666666666666666,4.0,2.0,1.1666666666666667,1.5,No specific target,No specific vulnerability,1,0.0,1.1666666666666667,3,0.0,0,0,-0.029200212847736,0,0,3.0,2017,0,São Paulo,NaN,Brazil,-1.2043218,-47.1583944
Pablo Popovitch,0.7307692307692307,26.0,0.1153846153846153,0.5769230769230769,0.0384615384615384,12.0,0.2692307692307692,-0.5769230769230769,2.1666666666666665,Neck,Other/Unknown,2,1.0,1.5384615384615383,4,0.1538461538461538,1,1,0.8466659459867893,2,0,19.0,2003,0,Rio de Janeiro,NaN,Brazil,-22.9110137,-43.2093727
Paulo Miyao,0.75,8.0,0.0,0.75,0.0,4.0,4.75,0.125,2.0,No specific target,No specific vulnerability,1,0.0,1.5,3,0.0,0,0,0.7351920712260316,0,0,6.0,2017,0,Andirá,NaN,Brazil,-23.0494761,-50.2310027
Rida Haisam,0.3333333333333333,3.0,0.3333333333333333,0.0,0.0,2.0,-0.6666666666666666,0.0,1.5,Arm,Other/Unknown,1,4.0,0.3333333333333333,1,0.3333333333333333,0,0,-0.3636218371300093,1,0,1.0,2022,0,Accra,NaN,Ghana,5.5571096,-0.2012376
Roberto Abreu,0.6896551724137931,29.0,0.1034482758620689,0.5172413793103449,0.0689655172413793,13.0,0.1034482758620689,-0.2758620689655172,2.230769230769231,Arm,Arm,1,4.0,1.4482758620689655,5,0.3103448275862069,1,1,0.8748406615856623,2,0,20.0,2009,0,Campo Grande,NaN,Brazil,-20.4640173,-54.6162947
Roberto Jimenez,0.3333333333333333,3.0,0.3333333333333333,0.0,0.0,2.0,0.0,3.6666666666666665,1.5,Neck,Leg,1,1.0,0.3333333333333333,1,0.3333333333333333,0,0,-0.3636218371300093,1,0,1.0,2022,0,Guayaquil,NaN,Ecuador,-2.1900563,-79.8868741
Robson Moura,0.625,8.0,0.125,0.375,0.125,4.0,0.125,-0.375,2.0,Neck,Neck,1,0.0,1.5,3,0.0,0,0,0.5202067413302844,1,0,5.0,2001,0,Teresópolis,NaN,Brazil,-22.4164578,-42.975194
Rodolfo Vieira,0.8,10.0,0.4,0.3,0.1,4.0,1.0,-0.4,2.5,Neck,Leg,1,3.0,1.3,4,0.3,1,1,0.8785156244898631,4,0,8.0,2011,0,Rio de Janeiro,NaN,Brazil,-22.9110137,-43.2093727
Rodrigo Medeiros,0.375,8.0,0.0,0.375,0.0,4.0,1.625,1.25,2.0,No specific target,Neck,2,2.0,0.875,3,0.5,0,0,-0.0530874717250412,0,0,3.0,2000,0,Rio de Janeiro,NaN,Brazil,-22.9110137,-43.2093727
Roger Gracie,0.9230769230769232,13.0,0.6153846153846154,0.3076923076923077,0.0,4.0,0.3076923076923077,-0.5384615384615384,3.25,Neck,No specific vulnerability,1,3.0,1.9230769230769231,5,0.3846153846153846,3,1,3.362790547729608,4,0,12.0,2003,0,Rio de Janeiro,NaN,Brazil,-22.9110137,-43.2093727
Romulo Barral,0.5555555555555556,18.0,0.3333333333333333,0.2222222222222222,0.0,10.0,-0.8333333333333334,-0.4444444444444444,1.8,Leg,Neck,2,2.0,1.1666666666666667,4,0.0555555555555555,1,1,0.2956665078836152,4,0,10.0,2007,0,Belo Horizonte,NaN,Brazil,-19.9227318,-43.9450948
Ronaldo Souza,0.7857142857142857,14.0,0.4285714285714285,0.3571428571428571,0.0,6.0,1.2857142857142858,-0.0714285714285714,2.3333333333333335,Arm,Neck,1,2.0,2.2142857142857144,5,0.4285714285714285,2,1,2.2799014786251037,4,0,11.0,2003,0,Vila Velha,NaN,Brazil,-20.3297037,-40.2920174
Roosevelt Sousa,0.6666666666666666,3.0,0.3333333333333333,0.3333333333333333,0.0,2.0,0.0,-0.6666666666666666,1.5,Leg,Leg,1,4.0,1.0,2,0.0,0,0,-0.1247492483569569,1,0,2.0,2022,0,Natal,NaN,Brazil,-5.805398,-35.2080905
Adam Wardzinski,0.5,2.0,0.0,0.0,0.5,2.0,-1.0,-1.0,1.0,No specific target,Neck,1,2.0,0.5,1,0.0,0,0,-0.3636218371300093,0,0,1.0,2019,0,Poznań,NaN,Poland,52.4082663,16.9335199
Braulio Estima,0.75,16.0,0.5,0.1875,0.0,6.0,-0.75,-0.9375,2.6666666666666665,Neck,Neck,2,3.0,1.9375,5,0.4375,3,1,2.5346989066496928,5,0,12.0,2005,0,Recife,NaN,Brazil,-8.0584933,-34.8848193
Celso Vinicius,0.4,5.0,0.0,0.2,0.2,4.0,0.2,0.8,1.25,No specific target,No specific vulnerability,1,1.0,0.4,1,0.2,0,0,-0.3636218371300093,0,0,2.0,2017,0,São Paulo,NaN,Brazil,-1.2043218,-47.1583944
Claudio Calasans,0.5833333333333334,12.0,0.1666666666666666,0.0833333333333333,0.3333333333333333,6.0,-0.6666666666666666,0.9166666666666666,2.0,Leg,Neck,2,1.0,1.5833333333333333,5,0.4166666666666667,1,1,0.9103653029929368,2,0,7.0,2011,0,São Paulo,NaN,Brazil,-1.2043218,-47.1583944
Bruno Frazatto,0.4285714285714285,7.0,0.1428571428571428,0.1428571428571428,0.1428571428571428,4.0,-0.1428571428571428,1.1428571428571428,1.75,Neck,No specific vulnerability,1,0.0,1.0,4,0.1428571428571428,0,0,0.2096723759253163,1,0,3.0,2011,0,São Paulo,NaN,Brazil,-1.2043218,-47.1583944
Craig Jones,0.6428571428571429,14.0,0.5714285714285714,0.0,0.0714285714285714,6.0,-0.7142857142857143,1.3571428571428572,2.3333333333333335,Neck,Neck,2,2.0,1.5,4,0.1428571428571428,0,0,0.6714927142198844,6,0,9.0,2017,0,Adelaide,NaN,Australia,-34.9281805,138.5999312
Brianna Ste-Marie,0.6666666666666666,3.0,0.0,0.6666666666666666,0.0,2.0,2.3333333333333335,3.3333333333333335,1.5,No specific target,No specific vulnerability,1,0.0,2.3333333333333335,4,0.0,0,0,0.8307411067352526,0,0,2.0,2022,1,Montreal,NaN,Canada,45.5031824,-73.5698065
Dante Leon,0.625,8.0,0.25,0.25,0.125,4.0,0.125,-0.375,2.0,Arm,Leg,1,1.0,1.5,3,0.0,0,0,0.5202067413302844,1,0,5.0,2019,0,Windsor,NaN,Canada,42.3167397,-83.0373389
Davi Ramos,1.0,4.0,0.75,0.25,0.0,1.0,0.0,0.0,4.0,Neck,No specific vulnerability,1,1.0,1.75,4,0.0,1,1,3.60166313650266,2,0,4.0,2015,0,Rio de Janeiro,NaN,Brazil,-22.9110137,-43.2093727
Demian Maia,0.875,8.0,0.125,0.75,0.0,3.0,0.25,-0.5,2.6666666666666665,Arm,No specific vulnerability,1,2.0,1.75,4,0.0,1,1,1.7543817833243889,1,0,7.0,2005,0,São Paulo,NaN,Brazil,-1.2043218,-47.1583944
Diego Oliveira,0.75,4.0,0.5,0.25,0.0,2.0,-0.75,-0.75,2.0,Leg,No specific vulnerability,1,0.0,1.5,3,0.0,0,0,0.7351920712260316,2,0,3.0,2022,0,São Paulo,NaN,Brazil,-1.2043218,-47.1583944
Diogo Reis,1.0,4.0,0.0,0.75,0.25,1.0,0.0,0.0,4.0,No specific target,No specific vulnerability,1,0.0,1.75,4,0.0,1,1,3.60166313650266,0,0,4.0,2022,0,Manaus,NaN,Brazil,-3.1316333,-59.9825041
Gabriel Arges,0.5,2.0,0.0,0.5,0.0,2.0,2.0,-0.5,1.0,No specific target,No specific vulnerability,1,2.0,0.5,1,0.0,0,0,-0.3636218371300093,0,0,1.0,2019,0,Belo Horizonte,NaN,Brazil,-19.9227318,-43.9450948
Gabriel Sousa,0.75,4.0,0.25,0.25,0.25,2.0,0.75,0.25,2.0,Neck,No specific vulnerability,1,0.0,1.75,4,0.0,0,0,0.8307411067352526,1,0,3.0,2022,0,Fortaleza,NaN,Brazil,-3.7304512,-38.5217989
Gilbert Burns,0.75,4.0,0.25,0.5,0.0,2.0,1.5,-0.5,2.0,Arm,Neck,1,1.0,1.5,3,0.0,0,0,0.7351920712260316,1,0,3.0,2015,0,Niterói,NaN,Brazil,-22.8884,-43.1147
Kron Gracie,0.8,10.0,0.7,0.1,0.0,5.0,-0.8,-0.6,2.0,Neck,Neck,1,1.0,1.4,4,0.0,1,1,0.868960720938941,3,0,8.0,2009,0,Rio de Janeiro,NaN,Brazil,-22.9110137,-43.2093727
Lucas Lepri,0.6666666666666666,12.0,0.0833333333333333,0.4166666666666667,0.1666666666666666,8.0,1.5833333333333333,0.3333333333333333,1.5,Neck,Arm,1,1.0,1.3333333333333333,4,0.0,0,0,0.2335596348026216,1,0,8.0,2013,0,Uberlândia,NaN,Brazil,-18.9188041,-48.2767837
Lucas Daniel Barbosa,0.7142857142857143,7.0,0.0,0.4285714285714285,0.2857142857142857,4.0,1.4285714285714286,0.0,1.75,No specific target,Neck,2,2.0,1.4285714285714286,4,0.0,0,0,0.3529959291891478,0,0,5.0,2019,0,Boa Vista,NaN,Brazil,2.8208478,-60.6719582
Matheus Diniz,0.8333333333333334,6.0,0.0,0.6666666666666666,0.1666666666666666,3.0,1.8333333333333333,-0.3333333333333333,2.0,No specific target,Neck,1,2.0,1.3333333333333333,4,0.0,1,1,0.9581398207475472,0,0,5.0,2019,0,Belo Horizonte,NaN,Brazil,-19.9227318,-43.9450948
Matheus Gabriel Barros,0.5,2.0,0.0,0.0,0.5,2.0,-1.0,-1.0,1.0,No specific target,No specific vulnerability,1,0.0,0.5,1,0.0,0,0,-0.3636218371300093,0,0,1.0,2019,0,João Pessoa,NaN,Brazil,-7.1215981,-34.882028
Marcio Feitosa,0.7272727272727273,11.0,0.0909090909090909,0.6363636363636364,0.0,6.0,-0.4545454545454545,-0.8181818181818182,1.8333333333333333,Arm,Neck,1,1.0,1.3636363636363635,4,0.0,1,1,0.703342392722958,1,0,8.0,2000,0,Rio de Janeiro,NaN,Brazil,-22.9110137,-43.2093727
Marcus Almeida,0.8181818181818182,22.0,0.3636363636363636,0.4545454545454545,0.0,6.0,0.5,-0.0909090909090909,3.6666666666666665,Leg,Neck,1,4.0,1.681818181818182,4,0.5,2,1,2.2321269608704934,5,0,18.0,2013,0,Santos,NaN,Brazil,-23.9335988,-46.3286399
Rafael Mendes,0.9166666666666666,12.0,0.5,0.4166666666666667,0.0,4.0,-0.1666666666666666,-0.8333333333333334,3.0,Neck,No specific vulnerability,1,0.0,1.75,4,0.0,2,1,2.216202121618956,5,0,11.0,2009,0,Rio Claro,NaN,Brazil,-22.4100108,-47.5603933
Renato Forasieppi Canuto,0.5,4.0,0.0,0.5,0.0,4.0,1.5,-0.25,1.0,No specific target,Arm,1,1.0,0.5,1,0.0,0,0,-0.3636218371300093,0,0,2.0,2019,0,São Paulo,NaN,Brazil,-1.2043218,-47.1583944
Patrick Gaudio,0.4,5.0,0.0,0.4,0.0,3.0,1.4,-0.6,1.6666666666666667,No specific target,Leg,1,3.0,0.4,1,0.4,0,0,-0.3476969978784725,0,0,2.0,2019,0,Rio de Janeiro,NaN,Brazil,-22.9110137,-43.2093727
Yuri Simoes,0.8421052631578947,19.0,0.1052631578947368,0.5263157894736842,0.2105263157894736,7.0,0.7894736842105263,-0.1052631578947368,2.7142857142857144,Neck,No specific vulnerability,3,3.0,1.368421052631579,4,0.3684210526315789,3,1,1.417685182006181,2,0,16.0,2015,0,Rio de Janeiro,NaN,Brazil,-22.9110137,-43.2093727
Mahamed Aly,0.4545454545454545,11.0,0.0909090909090909,0.3636363636363636,0.0,4.0,-0.0909090909090909,-0.2727272727272727,2.75,Leg,Leg,1,3.0,1.181818181818182,3,0.7272727272727273,0,0,0.3291086703118425,1,0,5.0,2017,0,Brasília,NaN,Brazil,-10.3333333,-53.2
Abdurakhman Bilarov,0.5,2.0,0.0,0.5,0.0,2.0,2.5,2.5,1.0,No specific target,No specific vulnerability,1,3.0,0.5,1,0.0,0,0,-0.3636218371300093,0,0,1.0,2017,0,Makhachkala,NaN,Russia,42.9830241,47.5048717
Alexandre Ribeiro,0.6976744186046512,43.0,0.3023255813953488,0.3488372093023256,0.0232558139534883,15.0,0.0930232558139534,-0.3488372093023256,2.8666666666666667,Arm,Neck,2,3.0,1.4186046511627908,4,0.3488372093023256,2,1,1.1364980203647597,6,0,30.0,2003,0,Manaus,NaN,Brazil,-3.1316333,-59.9825041
Andre Galvao,0.8148148148148148,27.0,0.1851851851851851,0.5925925925925926,0.037037037037037,10.0,1.6296296296296295,-0.3703703703703703,2.7,Leg,Neck,2,2.0,2.185185185185185,5,0.5555555555555556,6,1,3.2576866086694647,4,0,22.0,2007,0,São Paulo,NaN,Brazil,-1.2043218,-47.1583944
Augusto Mendes,0.6923076923076923,13.0,0.2307692307692307,0.3076923076923077,0.1538461538461538,8.0,0.0,-0.7692307692307693,1.625,Leg,Leg,2,1.0,1.1538461538461535,4,0.0,1,1,0.4007704469437583,3,0,9.0,2011,0,Rio de Janeiro,NaN,Brazil,-22.9110137,-43.2093727
Fabricio Andrey,0.3333333333333333,3.0,0.0,0.0,0.3333333333333333,2.0,-1.0,-1.0,1.5,No specific target,Neck,1,0.0,0.3333333333333333,1,0.3333333333333333,0,0,-0.3636218371300093,0,0,1.0,2022,0,Manaus,NaN,Brazil,-3.1316333,-59.9825041
Fabricio Werdum,0.7692307692307693,26.0,0.3076923076923077,0.4615384615384615,0.0,9.0,0.3076923076923077,-0.1923076923076923,2.888888888888889,Arm,Neck,1,4.0,1.4230769230769231,4,0.3076923076923077,1,1,1.2023206892711118,4,0,20.0,2003,0,Porto Alegre,NaN,Brazil,-30.0324999,-51.2303767
Ffion Davies,0.8333333333333334,6.0,0.3333333333333333,0.5,0.0,3.0,4.166666666666667,-0.5,2.0,Arm,Leg,1,0.0,2.3333333333333335,4,0.0,1,1,1.7543817833243889,2,0,5.0,2019,1,Cardiff,NaN,Wales,51.4816546,-3.1791934
Felipe Pena,0.7222222222222222,18.0,0.2222222222222222,0.4444444444444444,0.0555555555555555,7.0,3.111111111111111,0.1666666666666666,2.5714285714285716,Neck,No specific vulnerability,2,3.0,1.6666666666666667,5,0.3888888888888889,1,1,1.3084862842813574,3,0,13.0,2015,0,Belo Horizonte,NaN,Brazil,-19.9227318,-43.9450948
Jackson Sousa,0.6666666666666666,6.0,0.0,0.1666666666666666,0.5,4.0,-0.6666666666666666,-0.1666666666666666,1.5,No specific target,No specific vulnerability,1,3.0,1.1666666666666667,3,0.0,0,0,0.1857851170480111,0,0,4.0,2017,0,Rio de Janeiro,NaN,Brazil,-22.9110137,-43.2093727
Jean Jacques Machado,0.7333333333333333,15.0,0.6,0.1333333333333333,0.0,6.0,0.0,-0.6,2.5,Neck,No specific vulnerability,1,1.0,1.8,5,0.3333333333333333,1,1,1.4995843552997992,4,0,11.0,1999,0,Rio de Janeiro,NaN,Brazil,-22.9110137,-43.2093727
Joao Miyao,0.5,4.0,0.5,0.0,0.0,2.0,-0.75,-0.25,2.0,Leg,No specific vulnerability,1,0.0,1.5,3,0.0,0,0,0.3052214114345373,2,0,2.0,2013,0,Andirá,NaN,Brazil,-23.0494761,-50.2310027
Joao Gabriel Rocha,0.6,15.0,0.0666666666666666,0.4666666666666667,0.0666666666666666,5.0,1.2666666666666666,-0.6,3.0,Neck,Leg,1,4.0,1.4,4,0.4,0,0,0.8880705280407851,1,0,9.0,2013,0,Rio de Janeiro,NaN,Brazil,-22.9110137,-43.2093727
Joao Assis,0.7142857142857143,14.0,0.3571428571428571,0.2857142857142857,0.0,7.0,0.8571428571428571,0.2142857142857142,2.0,Leg,Leg,1,3.0,1.2857142857142858,4,0.0714285714285714,1,1,0.6123433112856046,4,0,10.0,2011,0,São Paulo,NaN,Brazil,-1.2043218,-47.1583944
Jose Mario Sperry,0.8181818181818182,11.0,0.2727272727272727,0.4545454545454545,0.0909090909090909,6.0,0.3636363636363636,-0.1818181818181818,1.8333333333333333,Arm,No specific vulnerability,1,3.0,2.727272727272727,5,0.5454545454545454,4,1,3.20354215521424,3,0,9.0,1998,0,Porto Alegre,NaN,Brazil,-30.0324999,-51.2303767
Kaynan Duarte,0.8888888888888888,9.0,0.1111111111111111,0.5555555555555556,0.2222222222222222,3.0,3.0,-0.2222222222222222,3.0,Neck,Leg,2,3.0,1.5555555555555556,4,0.1111111111111111,2,1,2.263976639373567,1,0,8.0,2019,0,São Paulo,NaN,Brazil,-1.2043218,-47.1583944
Kennedy Maciel,0.6666666666666666,6.0,0.5,0.1666666666666666,0.0,4.0,-0.3333333333333333,-0.1666666666666666,1.5,Neck,Leg,2,0.0,1.3333333333333333,4,0.0,0,0,0.2335596348026216,2,0,4.0,2019,0,São Paulo,NaN,Brazil,-1.2043218,-47.1583944
Lachlan Giles,0.3333333333333333,9.0,0.3333333333333333,0.0,0.0,5.0,-0.6666666666666666,-0.1111111111111111,1.8,Leg,Arm,1,1.0,0.6666666666666666,3,0.5555555555555556,0,0,0.0472390155596407,1,0,3.0,2015,0,Melbourne,NaN,Australia,-37.8142454,144.9631732
Leonardo Santos,0.5,10.0,0.1,0.4,0.0,6.0,-0.2,-0.7,1.6666666666666667,Arm,Neck,1,1.0,1.3,3,0.1,0,0,0.2255972151768532,1,0,5.0,2001,0,Rio de Janeiro,NaN,Brazil,-22.9110137,-43.2093727
Leonardo Vieira,0.7,30.0,0.2,0.4666666666666667,0.0333333333333333,15.0,1.4333333333333331,-0.2333333333333333,2.0,Neck,Neck,2,1.0,1.5333333333333334,5,0.0666666666666666,2,1,0.7925214925315641,5,0,21.0,2000,0,São Paulo,NaN,Brazil,-1.2043218,-47.1583944
Marcelo Garcia,0.84375,32.0,0.71875,0.09375,0.0,9.0,-0.5,-0.5625,3.5555555555555554,Neck,Neck,1,1.0,1.5625,4,0.375,4,1,2.2002772823674195,7,0,27.0,2003,0,Formiga,NaN,Brazil,-20.4648425,-45.4266753
Marcio Cruz,0.6818181818181818,22.0,0.2272727272727272,0.4545454545454545,0.0,10.0,-0.4545454545454545,-0.4090909090909091,2.2,Arm,Leg,2,4.0,1.2727272727272727,4,0.2727272727272727,1,1,0.6205332286149665,4,0,15.0,2001,0,Rio de Janeiro,NaN,Brazil,-22.9110137,-43.2093727
Micael Galvao,0.75,4.0,0.25,0.5,0.0,2.0,1.25,-0.5,2.0,Arm,Leg,1,1.0,1.75,4,0.0,0,0,0.8307411067352526,1,0,3.0,2022,0,Manaus,NaN,Brazil,-3.1316333,-59.9825041
Rafaela Guedes,0.6666666666666666,3.0,0.0,0.3333333333333333,0.0,2.0,1.3333333333333333,0.6666666666666666,1.5,No specific target,No specific vulnerability,1,4.0,2.3333333333333335,4,0.0,0,0,0.8307411067352526,0,0,2.0,2022,1,São Paulo,NaN,Brazil,-1.2043218,-47.1583944
Rany Yahya,0.7692307692307693,13.0,0.3846153846153846,0.3846153846153846,0.0,7.0,-0.6153846153846154,0.3846153846153846,1.8571428571428572,Neck,Arm,1,0.0,1.3846153846153846,4,0.0,1,1,0.6123433112856046,4,0,10.0,2003,0,Brasília,NaN,Brazil,-10.3333333,-53.2
Renzo Gracie,0.7333333333333333,15.0,0.2,0.4666666666666667,0.0666666666666666,9.0,0.6,0.6666666666666666,1.6666666666666667,Neck,No specific vulnerability,2,1.0,1.4,5,0.0666666666666666,2,1,0.7670417497291053,2,0,11.0,1998,0,Rio de Janeiro,NaN,Brazil,-22.9110137,-43.2093727
Ricardo Arona,1.0,13.0,0.1538461538461538,0.8461538461538461,0.0,1.0,0.0,0.0,13.0,Leg,No specific vulnerability,1,3.0,2.0,5,0.3846153846153846,4,1,16.40523389473827,2,0,13.0,2000,0,Niterói,NaN,Brazil,-22.8884,-43.1147
Ricardo Liborio,0.7,10.0,0.2,0.4,0.0,6.0,2.8,-0.3,1.6666666666666667,Neck,No specific vulnerability,1,2.0,1.4,4,0.0,0,0,0.4007704469437583,2,0,7.0,1999,0,Rio de Janeiro,NaN,Brazil,-22.9110137,-43.2093727
Rousimar Palhares,0.75,4.0,0.75,0.0,0.0,2.0,0.25,1.5,2.0,Leg,No specific vulnerability,1,2.0,1.75,4,0.0,0,0,0.8307411067352526,1,0,3.0,2011,0,Dores do Indaiá,NaN,Brazil,-19.4636451,-45.60166
Royler Gracie,0.9333333333333332,15.0,0.3333333333333333,0.6,0.0,5.0,3.7333333333333334,-0.4666666666666667,3.0,Neck,Neck,1,0.0,1.6666666666666667,4,0.0,3,1,2.359525674882788,4,0,14.0,1999,0,Rio de Janeiro,NaN,Brazil,-22.9110137,-43.2093727
Rubens Charles,0.9,20.0,0.35,0.45,0.1,7.0,0.4,-0.65,2.857142857142857,Neck,No specific vulnerability,1,0.0,1.75,4,0.0,3,1,2.0182791194927128,4,0,18.0,2009,0,São Carlos,NaN,Brazil,-22.0180395,-47.891154
Sam McNally,0.5,2.0,0.0,0.5,0.0,2.0,1.0,-0.5,1.0,No specific target,No specific vulnerability,1,0.0,0.5,1,0.0,0,0,-0.3636218371300093,0,0,1.0,2022,0,Dublin,NaN,Ireland,53.3493795,-6.2605593
Saulo Ribeiro,0.7333333333333333,30.0,0.1333333333333333,0.5333333333333333,0.0666666666666666,13.0,1.3333333333333333,-0.2666666666666666,2.3076923076923075,Neck,Leg,4,2.0,1.4333333333333331,4,0.1333333333333333,2,1,0.8968904390108671,4,0,22.0,1999,0,Manaus,NaN,Brazil,-3.1316333,-59.9825041
Sergio Moraes,0.5,4.0,0.25,0.25,0.0,2.0,-0.5,1.5,2.0,Leg,No specific vulnerability,1,2.0,0.5,1,0.5,0,0,-0.3158473193753989,1,0,2.0,2011,0,São Paulo,NaN,Brazil,-1.2043218,-47.1583944
Tarsis Humpreys,0.625,8.0,0.25,0.375,0.0,4.0,-1.0,-1.0,2.0,Leg,Neck,1,2.0,1.0,3,0.25,0,0,0.2096723759253163,2,0,5.0,2007,0,São Paulo,NaN,Brazil,-1.2043218,-47.1583944
Vagner Rocha,0.6470588235294118,17.0,0.1176470588235294,0.2352941176470588,0.2941176470588235,9.0,-0.1176470588235294,-0.2941176470588235,1.8888888888888888,Arm,Leg,2,1.0,1.2352941176470589,4,0.1176470588235294,0,0,0.395462167193246,2,0,11.0,2011,0,Rio de Janeiro,NaN,Brazil,-22.9110137,-43.2093727
Victor Estima,0.5,4.0,0.0,0.5,0.0,2.0,0.75,0.25,2.0,No specific target,Neck,1,1.0,0.5,1,0.5,0,0,-0.3158473193753989,0,0,2.0,2011,0,Recife,NaN,Brazil,-8.0584933,-34.8848193
Victor Hugo,0.5,6.0,0.1666666666666666,0.3333333333333333,0.0,4.0,1.0,2.0,1.5,Neck,No specific vulnerability,1,4.0,0.5,1,0.3333333333333333,0,0,-0.3397345782527041,1,0,3.0,2019,0,Fortaleza,NaN,Brazil,-3.7304512,-38.5217989
Vinicius Ferreira,0.5714285714285714,7.0,0.0,0.4285714285714285,0.1428571428571428,4.0,-0.1428571428571428,-0.1428571428571428,1.75,No specific target,Neck,1,3.0,1.1428571428571428,4,0.1428571428571428,0,0,0.2335596348026216,0,0,4.0,2019,0,São Paulo,NaN,Brazil,-1.2043218,-47.1583944
Vinicius Magalhaes,0.6551724137931034,29.0,0.3793103448275862,0.2758620689655172,0.0,14.0,-0.1379310344827586,-0.5517241379310345,2.0714285714285716,Leg,No specific vulnerability,2,4.0,1.137931034482759,4,0.2758620689655172,1,1,0.4417200335905673,5,0,19.0,1999,0,Rio de Janeiro,NaN,Brazil,-22.9110137,-43.2093727
Vitor Ribeiro,0.5714285714285714,7.0,0.1428571428571428,0.4285714285714285,0.0,4.0,0.2857142857142857,-0.7142857142857143,1.75,Neck,Neck,1,1.0,1.1428571428571428,3,0.1428571428571428,0,0,0.2096723759253163,1,0,4.0,2000,0,Rio de Janeiro,NaN,Brazil,-22.9110137,-43.2093727
Bianca Basilio,0.6666666666666666,9.0,0.3333333333333333,0.1111111111111111,0.2222222222222222,5.0,-0.5555555555555556,-0.3333333333333333,1.8,Neck,Neck,1,0.0,2.2222222222222223,4,0.0,1,1,1.1747176345684482,3,0,6.0,2017,1,São Paulo,NaN,Brazil,-1.2043218,-47.1583944
Max Gimenis,0.3333333333333333,3.0,0.3333333333333333,0.0,0.0,3.0,-1.0,-1.0,1.0,Other/Unknown,Neck,1,4.0,0.3333333333333333,1,0.0,0,0,-0.3795466763815461,1,0,1.0,2019,0,Rio de Janeiro,NaN,Brazil,-22.9110137,-43.2093727
Jeremy Skinner,0.5,2.0,0.0,0.0,0.5,2.0,-1.0,-1.0,1.0,No specific target,Neck,1,0.0,0.5,1,0.0,0,0,-0.3636218371300093,0,0,1.0,2022,0,Sydney,NaN,Australia,-33.8698439,151.2082848
Marcelo Mafra,0.5,2.0,0.0,0.5,0.0,2.0,1.0,0.0,1.0,No specific target,No specific vulnerability,1,1.0,0.5,1,0.0,0,0,-0.3636218371300093,0,0,1.0,2017,0,São Paulo,NaN,Brazil,-1.2043218,-47.1583944
Rigan Machado,0.5,10.0,0.0,0.5,0.0,7.0,0.6,-0.4,1.4285714285714286,No specific target,Neck,2,3.0,1.0,3,0.0,0,0,-0.1110993861413539,0,0,5.0,1999,0,Rio de Janeiro,NaN,Brazil,-22.9110137,-43.2093727
Gabrielle Garcia,0.875,16.0,0.4375,0.3125,0.125,7.0,-0.375,-0.625,2.2857142857142856,Other/Unknown,No specific vulnerability,1,4.0,2.4375,4,0.0,5,1,2.6734725058416564,5,0,14.0,2011,1,Porto Alegre,NaN,Brazil,-30.0324999,-51.2303767
Antonio Braga Neto,0.25,4.0,0.25,0.0,0.0,3.0,-0.75,-0.25,1.3333333333333333,Neck,Leg,1,3.0,0.25,1,0.25,0,0,-0.3795466763815461,1,0,1.0,2011,0,Manaus,NaN,Brazil,-3.1316333,-59.9825041
Lucas Leite,0.5,2.0,0.0,0.5,0.0,2.0,-1.0,-1.0,1.0,No specific target,No specific vulnerability,1,2.0,0.5,1,0.0,0,0,-0.3636218371300093,0,0,1.0,2013,0,São Paulo,NaN,Brazil,-1.2043218,-47.1583944
Victor Honorio,0.5,4.0,0.25,0.25,0.0,2.0,0.75,2.5,2.0,Other/Unknown,No specific vulnerability,1,4.0,0.5,1,0.5,0,0,-0.3158473193753989,1,0,2.0,2017,0,Rio de Janeiro,NaN,Brazil,-22.9110137,-43.2093727
Alexandre de Freitas,0.6842105263157895,19.0,0.4736842105263157,0.2105263157894736,0.0,9.0,0.2105263157894736,0.4210526315789473,2.111111111111111,Neck,Leg,1,0.0,1.736842105263158,4,0.0,1,1,0.9050570232424244,4,0,13.0,1998,0,Rio de Janeiro,NaN,Brazil,-22.9110137,-43.2093727
Abraham Marte Messina,0.5,2.0,0.5,0.0,0.0,2.0,-0.5,1.0,1.0,Neck,No specific vulnerability,1,4.0,0.5,1,0.0,0,0,-0.3636218371300093,1,0,1.0,2015,0,Santo Domingo,NaN,Dominican Republic,18.4801972,-69.942111
Antonio Schembri,0.75,4.0,0.5,0.25,0.0,2.0,-1.0,-1.0,2.0,Neck,No specific vulnerability,1,2.0,1.5,3,0.0,0,0,0.7351920712260316,2,0,3.0,2001,0,Rio de Janeiro,NaN,Brazil,-22.9110137,-43.2093727
Amaury Bitetti,0.5,2.0,0.0,0.5,0.0,2.0,2.5,1.0,1.0,No specific target,No specific vulnerability,1,2.0,0.5,1,0.0,0,0,-0.3636218371300093,0,0,1.0,1999,0,Rio de Janeiro,NaN,Brazil,-22.9110137,-43.2093727
Eduardo Telles,0.3333333333333333,3.0,0.3333333333333333,0.0,0.0,2.0,-0.6666666666666666,-0.6666666666666666,1.5,Leg,Arm,1,3.0,0.3333333333333333,1,0.3333333333333333,0,0,-0.3636218371300093,1,0,1.0,2005,0,São Paulo,NaN,Brazil,-1.2043218,-47.1583944
Ethan Crelinsten,0.3333333333333333,3.0,0.3333333333333333,0.0,0.0,3.0,-0.6666666666666666,0.0,1.0,Neck,Arm,1,0.0,0.3333333333333333,1,0.0,0,0,-0.3795466763815461,1,0,1.0,2017,0,Montreal,NaN,Canada,45.5031824,-73.5698065
Jorge Patino,0.6,5.0,0.0,0.6,0.0,4.0,6.8,1.8,1.25,No specific target,No specific vulnerability,1,2.0,0.8,2,0.0,0,0,-0.2441855427434831,0,0,3.0,2000,0,São Paulo,NaN,Brazil,-1.2043218,-47.1583944
Leonardo Nogueira,0.6,5.0,0.2,0.4,0.0,2.0,-0.8,-0.4,2.5,Neck,Leg,1,3.0,1.2,3,0.2,0,0,0.7351920712260316,1,0,3.0,2013,0,São Paulo,NaN,Brazil,-1.2043218,-47.1583944
Marcio Andre Barbosa Junior,0.5,2.0,0.0,0.5,0.0,2.0,3.0,1.5,1.0,No specific target,No specific vulnerability,1,0.0,0.5,1,0.0,0,0,-0.3636218371300093,0,0,1.0,2013,0,Rio de Janeiro,NaN,Brazil,-22.9110137,-43.2093727
Pedro Marinho,0.2,5.0,0.0,0.2,0.0,3.0,0.0,0.8,1.6666666666666667,No specific target,Leg,1,2.0,0.2,1,0.4,0,0,-0.3795466763815461,0,0,1.0,2019,0,Rio de Janeiro,NaN,Brazil,-22.9110137,-43.2093727
Ricardo Vieira,0.5,2.0,0.5,0.0,0.0,2.0,-1.0,-1.0,1.0,Neck,Leg,1,0.0,0.5,1,0.0,0,0,-0.3636218371300093,1,0,1.0,2013,0,Rio de Janeiro,NaN,Brazil,-22.9110137,-43.2093727
Roberto Traven,0.7142857142857143,7.0,0.1428571428571428,0.5714285714285714,0.0,3.0,1.8571428571428572,0.1428571428571428,2.3333333333333335,Other/Unknown,No specific vulnerability,1,3.0,1.1428571428571428,4,0.7142857142857143,1,1,0.9581398207475472,1,0,5.0,1999,0,Rio de Janeiro,NaN,Brazil,-22.9110137,-43.2093727
Rodrigo Gracie,0.75,8.0,0.375,0.375,0.0,3.0,1.25,-0.375,2.6666666666666665,Neck,No specific vulnerability,2,1.0,1.625,4,0.0,1,1,1.4040353197905784,3,0,6.0,1998,0,Rio de Janeiro,NaN,Brazil,-22.9110137,-43.2093727
Cassio Francis,0.5,2.0,0.5,0.0,0.0,2.0,-1.0,-1.0,1.0,No specific target,Neck,1,3.0,0.5,1,0.0,0,0,-0.3636218371300093,0,0,1.0,2015,0,São Paulo,NaN,Brazil,-1.2043218,-47.1583944
Marcio Corleta,0.5,2.0,0.5,0.0,0.0,2.0,-0.5,0.5,1.0,Arm,No specific vulnerability,1,4.0,0.5,1,0.0,0,0,-0.3636218371300093,1,0,1.0,2005,0,Porto Alegre,NaN,Brazil,-30.0324999,-51.2303767
Rodrigo Cavaca,0.3333333333333333,3.0,0.0,0.0,0.3333333333333333,3.0,-0.6666666666666666,0.0,1.0,No specific target,Leg,1,4.0,0.3333333333333333,1,0.0,0,0,-0.3795466763815461,0,0,1.0,2009,0,Santos,NaN,Brazil,-23.9335988,-46.3286399
Roberto Magalhaes,0.3333333333333333,3.0,0.0,0.3333333333333333,0.0,2.0,3.0,7.0,1.5,No specific target,No specific vulnerability,1,2.0,0.3333333333333333,1,0.3333333333333333,0,0,-0.3636218371300093,0,0,1.0,2000,0,Belo Horizonte,NaN,Brazil,-19.9227318,-43.9450948
Gregor Gracie,0.6666666666666666,3.0,0.0,0.6666666666666666,0.0,2.0,0.6666666666666666,0.6666666666666666,1.5,No specific target,No specific vulnerability,1,1.0,1.0,2,0.0,0,0,-0.1247492483569569,0,0,2.0,2009,0,Rio de Janeiro,NaN,Brazil,-22.9110137,-43.2093727
Flavio Almeida,0.5,2.0,0.0,0.5,0.0,2.0,-1.0,-1.0,1.0,No specific target,Arm,1,2.0,3.0,4,0.0,0,0,0.7351920712260316,0,0,1.0,2007,0,Rio de Janeiro,NaN,Brazil,-22.9110137,-43.2093727
Beatriz Mesquita,0.5,4.0,0.25,0.25,0.0,3.0,0.25,1.0,1.3333333333333333,Neck,Arm,1,0.0,2.0,3,0.0,0,0,0.4803946432014425,1,0,2.0,2019,1,Niterói,NaN,Brazil,-22.8884,-43.1147
Gabriel Rollo,0.5,2.0,0.0,0.5,0.0,2.0,4.0,1.5,1.0,No specific target,No specific vulnerability,1,1.0,0.5,1,0.0,0,0,-0.3636218371300093,0,0,1.0,2015,0,São Paulo,NaN,Brazil,-1.2043218,-47.1583944
Bianca Mesquita,1.0,1.0,1.0,0.0,0.0,1.0,0.0,0.0,1.0,Neck,No specific vulnerability,1,0.0,4.0,4,0.0,1,1,2.6461727814104505,1,0,1.0,2017,1,Niterói,NaN,Brazil,-22.8884,-43.1147
Vitor Viana,1.0,1.0,1.0,0.0,0.0,1.0,0.0,0.0,1.0,Neck,No specific vulnerability,1,3.0,0.0,0,0.0,0,0,-0.4113963548846198,1,0,1.0,2005,0,Rio de Janeiro,NaN,Brazil,-22.9110137,-43.2093727
Glover Teixeira,0.3333333333333333,3.0,0.0,0.3333333333333333,0.0,3.0,-1.0,-1.0,1.0,No specific target,Arm,1,3.0,1.6666666666666667,3,0.0,0,0,-0.029200212847736,0,0,1.0,2009,0,Sobrália,NaN,Brazil,-19.2345745,-42.0978033
Jessica Oliveira,1.0,1.0,0.0,0.0,1.0,1.0,0.0,0.0,1.0,No specific target,No specific vulnerability,1,4.0,2.0,2,0.0,0,0,0.3529959291891478,0,0,1.0,2015,1,Rio de Janeiro,NaN,Brazil,-22.9110137,-43.2093727
Ruslam Chsiev,1.0,1.0,0.0,0.0,1.0,1.0,0.0,0.0,1.0,No specific target,No specific vulnerability,1,2.0,0.0,0,0.0,0,0,-0.4113963548846198,0,0,1.0,2017,0,,,,29.3644727,112.3905651
Mark Robinson,1.0,1.0,0.0,1.0,0.0,1.0,0.0,0.0,1.0,No specific target,No specific vulnerability,1,4.0,2.0,2,0.0,0,0,0.3529959291891478,0,0,1.0,2001,0,Durban,NaN,South Africa,-29.861825,31.009909
Vitor Belfort,0.5,2.0,0.0,0.5,0.0,2.0,1.0,1.5,1.0,No specific target,No specific vulnerability,1,,1.5,2,1.0,0,0,-0.1247492483569569,0,0,1.0,2001,0,Rio de Janeiro,NaN,Brazil,-22.9110137,-43.2093727
Gabriel Napao,0.75,4.0,0.25,0.5,0.0,2.0,0.0,-0.5,2.0,Leg,Neck,1,4.0,1.0,2,0.5,0,0,0.1141233404160954,1,0,3.0,2005,0,Rio de Janeiro,NaN,Brazil,-22.9110137,-43.2093727
A. Cacareco,0.3846153846153846,13.0,0.2307692307692307,0.1538461538461538,0.0,7.0,-0.0769230769230769,-0.1538461538461538,1.8571428571428572,Leg,Neck,1,3.0,1.7692307692307692,4,0.6923076923076923,0,0,0.5713937246387958,3,0,5.0,2001,0,Rio de Janeiro,NaN,Brazil,-22.9110137,-43.2093727
Eoghan OFlannagan,1.0,1.0,0.0,1.0,0.0,1.0,0.0,0.0,1.0,No specific target,No specific vulnerability,1,2.0,0.0,0,0.0,0,0,-0.4113963548846198,0,0,1.0,2022,0,,,,29.3644727,112.3905651
Ana Carolina Vieira,1.0,1.0,1.0,0.0,0.0,1.0,0.0,0.0,1.0,Neck,No specific vulnerability,1,4.0,1.0,1,0.0,0,0,-0.2202982838661779,1,0,1.0,2019,1,Rio de Janeiro,NaN,Brazil,-22.9110137,-43.2093727
Kareem Barkalev,0.3333333333333333,3.0,0.0,0.3333333333333333,0.0,3.0,0.0,-0.6666666666666666,1.0,No specific target,No specific vulnerability,1,2.0,2.0,4,0.0,0,0,0.1937475366737795,0,0,1.0,1998,0,Haifa,NaN,Israel,32.8191218,34.9983856
Sasha Palvski,0.5,2.0,0.0,0.5,0.0,2.0,1.5,-0.5,1.0,No specific target,Neck,1,0.0,1.5,2,0.0,0,0,-0.1247492483569569,0,0,1.0,1999,0,Minsk,NaN,Belarus,53.9024716,27.5618225
Kamil Uminski,0.3333333333333333,3.0,0.3333333333333333,0.0,0.0,3.0,-0.6666666666666666,0.3333333333333333,1.0,Leg,No specific vulnerability,1,3.0,0.3333333333333333,1,0.0,0,0,-0.3795466763815461,1,0,1.0,2013,0,Warsaw,NaN,Poland,52.2337172,21.071432235636493
Rolles Gracie,0.5,2.0,0.0,0.5,0.0,2.0,-1.0,-1.0,1.0,No specific target,Arm,1,4.0,1.5,2,0.5,0,0,0.0185743049068744,0,0,1.0,2007,0,Rio de Janeiro,NaN,Brazil,-22.9110137,-43.2093727
Eoghan Oflanagan,1.0,1.0,1.0,0.0,0.0,1.0,0.0,0.0,1.0,Leg,No specific vulnerability,1,2.0,1.0,1,0.0,0,0,-0.2202982838661779,1,0,1.0,2022,0,Dublin,NaN,Ireland,53.3493795,-6.2605593
Murilo Bustamante,0.3333333333333333,3.0,0.0,0.3333333333333333,0.0,2.0,0.6666666666666666,2.6666666666666665,1.5,No specific target,No specific vulnerability,1,3.0,1.3333333333333333,2,0.3333333333333333,0,0,-0.0769747306023464,0,0,1.0,1999,0,Rio de Janeiro,NaN,Brazil,-22.9110137,-43.2093727
Rustam Chsiev,0.3333333333333333,6.0,0.0,0.0,0.3333333333333333,5.0,-1.0,-1.0,1.2,No specific target,Leg,1,2.0,1.3333333333333333,3,0.0,0,0,0.0854586297633291,0,0,2.0,2013,0,Vladikavkaz,NaN,Russia,43.024593,44.68211
Sasha Savko,0.5,2.0,0.0,0.5,0.0,2.0,2.0,1.5,1.0,No specific target,No specific vulnerability,1,2.0,2.0,2,0.0,0,0,0.1618978581707059,0,0,1.0,1999,0,Minsk,NaN,Belarus,53.9024716,27.5618225
Olav Einemo,0.6666666666666666,3.0,0.0,0.3333333333333333,0.0,3.0,0.3333333333333333,0.6666666666666666,1.0,No specific target,No specific vulnerability,1,3.0,1.3333333333333333,2,0.0,0,0,-0.029200212847736,0,0,2.0,2001,0,Oslo,NaN,Norway,59.9133301,10.7389701
Sanae Kikuta,0.5,2.0,0.0,0.5,0.0,2.0,1.0,-0.5,1.0,No specific target,No specific vulnerability,1,2.0,2.0,4,0.0,1,1,1.1173882132629154,0,0,1.0,1999,0,Tokyo,NaN,Japan,35.6768601,139.7638947
Mateusz Szczecinski,1.0,1.0,1.0,0.0,0.0,1.0,0.0,0.0,1.0,Leg,No specific vulnerability,1,1.0,0.0,0,0.0,0,0,-0.4113963548846198,1,0,1.0,2022,0,Wrocław,NaN,Poland,51.1263106,16.97819633051261
Nicolas Renier,0.3333333333333333,3.0,0.0,0.3333333333333333,0.0,3.0,-1.0,-1.0,1.0,No specific target,Neck,1,0.0,0.3333333333333333,1,0.0,0,0,-0.3795466763815461,0,0,1.0,2011,0,Paris,NaN,France,48.8588897,2.3200410217200766
Oskar Piechota,0.3333333333333333,3.0,0.3333333333333333,0.0,0.0,2.0,-0.6666666666666666,2.0,1.5,Neck,Neck,1,2.0,0.6666666666666666,1,0.3333333333333333,0,0,-0.3158473193753989,1,0,1.0,2013,0,Gdańsk,NaN,Poland,54.42880315,18.79832701217957
E. Karpinen,1.0,1.0,0.0,1.0,0.0,1.0,0.0,0.0,1.0,No specific target,No specific vulnerability,1,0.0,1.0,1,0.0,0,0,-0.2202982838661779,0,0,1.0,2017,1,Helsinki,NaN,Finland,60.1674881,24.9427473
Kuba Witkowski,0.5,2.0,0.0,0.5,0.0,2.0,-0.5,-0.5,1.0,No specific target,Arm,1,0.0,0.5,1,0.0,0,0,-0.3636218371300093,0,0,1.0,2017,0,Warsaw,NaN,Poland,52.2337172,21.071432235636493
Gunnar Nelson,0.2,5.0,0.0,0.2,0.0,3.0,-0.4,1.2,1.6666666666666667,No specific target,Leg,1,2.0,1.4,3,0.8,0,0,0.0663488226614849,0,0,1.0,2009,0,Reykjavík,NaN,Iceland,64.145981,-21.9422367
Hayato Sakurai,0.3333333333333333,3.0,0.3333333333333333,0.0,0.0,2.0,-0.6666666666666666,0.0,1.5,Leg,Neck,1,1.0,2.6666666666666665,4,0.6666666666666666,0,0,0.9262901422444736,1,0,1.0,1999,0,Ibaraki,NaN,Japan,36.2869536,140.4703384
Henrique Cardoso,0.0,1.0,0.0,0.0,0.0,1.0,0.0,0.0,1.0,No specific target,Arm,1,3.0,0.0,0,0.0,0,0,-0.4113963548846198,0,0,0.0,2022,0,São Paulo,NaN,Brazil,-1.2043218,-47.1583944
Thomas Halpin,0.0,1.0,0.0,0.0,0.0,1.0,0.0,0.0,1.0,No specific target,No specific vulnerability,1,0.0,0.0,0,0.0,0,0,-0.4113963548846198,0,0,0.0,2019,0,Limerick,NaN,Ireland,52.661252,-8.6301239
Tommy Langaker,0.0,1.0,0.0,0.0,0.0,1.0,0.0,0.0,1.0,No specific target,No specific vulnerability,1,1.0,0.0,0,0.0,0,0,-0.4113963548846198,0,0,0.0,2022,0,Bergen,NaN,Norway,60.3943055,5.3259192
Michael Perez,0.0,2.0,0.0,0.0,0.0,1.0,0.0,0.0,2.0,No specific target,No specific vulnerability,1,2.0,0.0,0,0.5,0,0,-0.4113963548846198,0,0,0.0,2019,0,San Juan,NaN,Puerto Rico,18.384239049999998,-66.05343997364733
Gabriel Lucas,0.0,2.0,0.0,0.0,0.0,1.0,0.0,0.0,2.0,No specific target,No specific vulnerability,1,4.0,0.0,0,0.5,0,0,-0.4113963548846198,0,0,0.0,2015,0,Rio de Janeiro,NaN,Brazil,-22.9110137,-43.2093727
Leonardo Saggioro,0.0,1.0,0.0,0.0,0.0,1.0,0.0,0.0,1.0,No specific target,No specific vulnerability,1,1.0,0.0,0,0.0,0,0,-0.4113963548846198,0,0,0.0,2017,0,Juiz de Fora,NaN,Brazil,-21.7609533,-43.3501129
Ruan Alvarenga,0.0,1.0,0.0,0.0,0.0,1.0,0.0,0.0,1.0,No specific target,No specific vulnerability,1,0.0,0.0,0,0.0,0,0,-0.4113963548846198,0,0,0.0,2022,0,Belo Horizonte,NaN,Brazil,-19.9227318,-43.9450948
Isaque Bahiense,0.0,1.0,0.0,0.0,0.0,1.0,0.0,0.0,1.0,No specific target,No specific vulnerability,1,2.0,0.0,0,0.0,0,0,-0.4113963548846198,0,0,0.0,2022,0,Rio de Janeiro,NaN,Brazil,-22.9110137,-43.2093727
Gabriel Marangoni,0.0,1.0,0.0,0.0,0.0,1.0,0.0,0.0,1.0,No specific target,No specific vulnerability,1,0.0,0.0,0,0.0,0,0,-0.4113963548846198,0,0,0.0,2015,0,São Paulo,NaN,Brazil,-1.2043218,-47.1583944
Perttu Tepponen,0.0,1.0,0.0,0.0,0.0,1.0,0.0,0.0,1.0,No specific target,No specific vulnerability,1,3.0,0.0,0,0.0,0,0,-0.4113963548846198,0,0,0.0,2019,0,Helsinki,NaN,Finland,60.1674881,24.9427473
Santeri Lilius,0.0,1.0,0.0,0.0,0.0,1.0,0.0,0.0,1.0,No specific target,No specific vulnerability,1,2.0,0.0,0,0.0,0,0,-0.4113963548846198,0,0,0.0,2022,0,Turku,NaN,Finland,60.4517531,22.2670522
Oliver Taza,0.0,3.0,0.0,0.0,0.0,1.0,0.0,0.0,3.0,No specific target,No specific vulnerability,1,1.0,0.0,0,0.0,0,0,-0.4113963548846198,0,0,0.0,2017,0,Beirut,NaN,Lebanon,33.88922645,35.50255852895232
Alexandre Vieira,0.0,1.0,0.0,0.0,0.0,1.0,0.0,0.0,1.0,No specific target,Arm,1,0.0,0.0,0,0.0,0,0,-0.4113963548846198,0,0,0.0,2015,0,Brasília,NaN,Brazil,-10.3333333,-53.2
Sergio Ardila-Ibarra,0.0,1.0,0.0,0.0,0.0,1.0,0.0,0.0,1.0,No specific target,No specific vulnerability,1,1.0,0.0,0,0.0,0,0,-0.4113963548846198,0,0,0.0,2017,0,Bogotá,NaN,Colombia,4.6533816,-74.0836333
Alexander Trans,0.0,1.0,0.0,0.0,0.0,1.0,0.0,0.0,1.0,No specific target,No specific vulnerability,1,4.0,0.0,0,0.0,0,0,-0.4113963548846198,0,0,0.0,2011,0,Aarhus,NaN,Denmark,56.1496278,10.2134046
Roberto Alencar,0.0,1.0,0.0,0.0,0.0,1.0,0.0,0.0,1.0,No specific target,No specific vulnerability,1,3.0,0.0,0,0.0,0,0,-0.4113963548846198,0,0,0.0,2015,0,Manaus,NaN,Brazil,-3.1316333,-59.9825041
Paul Ardila-Ibarra,0.0,3.0,0.0,0.0,0.0,1.0,0.0,0.0,3.0,No specific target,No specific vulnerability,1,3.0,0.0,0,0.0,0,0,-0.4113963548846198,0,0,0.0,2017,0,Bogotá,NaN,Colombia,4.6533816,-74.0836333
Gabriel Almeida,0.0,1.0,0.0,0.0,0.0,1.0,0.0,0.0,1.0,No specific target,Neck,1,2.0,0.0,0,0.0,0,0,-0.4113963548846198,0,0,0.0,2019,0,São Paulo,NaN,Brazil,-1.2043218,-47.1583944
Ross Nicholls,0.0,1.0,0.0,0.0,0.0,1.0,0.0,0.0,1.0,No specific target,No specific vulnerability,1,1.0,0.0,0,0.0,0,0,-0.4113963548846198,0,0,0.0,2019,0,London,NaN,England,51.4893335,-0.14405508452768728
Eldar Rafigaev,0.0,1.0,0.0,0.0,0.0,1.0,0.0,0.0,1.0,No specific target,Neck,1,4.0,0.0,0,0.0,0,0,-0.4113963548846198,0,0,0.0,2019,0,Moscow,NaN,Russia,55.7505412,37.6174782
Valdir Araujo Junior,0.0,1.0,0.0,0.0,0.0,1.0,0.0,0.0,1.0,No specific target,No specific vulnerability,1,2.0,0.0,0,0.0,0,0,-0.4113963548846198,0,0,0.0,2019,0,Salvador,NaN,Brazil,-12.9822499,-38.4812772
Alexandre Jesus,0.0,1.0,0.0,0.0,0.0,1.0,0.0,0.0,1.0,No specific target,Neck,1,2.0,0.0,0,0.0,0,0,-0.4113963548846198,0,0,0.0,2022,0,Rio de Janeiro,NaN,Brazil,-22.9110137,-43.2093727
Eleftheria Christodoulou,0.0,1.0,0.0,0.0,0.0,1.0,0.0,0.0,1.0,No specific target,No specific vulnerability,1,4.0,1.0,1,0.0,0,0,-0.3158473193753989,0,0,0.0,2022,1,Athens,NaN,Greece,37.9755648,23.7348324
Ashley Williams,0.0,1.0,0.0,0.0,0.0,1.0,0.0,0.0,1.0,No specific target,No specific vulnerability,1,0.0,0.0,0,0.0,0,0,-0.4113963548846198,0,0,0.0,2022,0,Swansea,NaN,Wales,51.6195955,-3.9459248
Yuta Shimada,0.0,1.0,0.0,0.0,0.0,1.0,0.0,0.0,1.0,No specific target,No specific vulnerability,1,1.0,0.0,0,0.0,0,0,-0.4113963548846198,0,0,0.0,2017,0,Tokyo,NaN,Japan,35.6768601,139.7638947
Kit Dale,0.0,1.0,0.0,0.0,0.0,1.0,0.0,0.0,1.0,No specific target,Neck,1,2.0,0.0,0,0.0,0,0,-0.4113963548846198,0,0,0.0,2017,0,Melbourne,NaN,Australia,-37.8142454,144.9631732
Felipe Cesar,0.0,1.0,0.0,0.0,0.0,1.0,0.0,0.0,1.0,No specific target,No specific vulnerability,1,1.0,0.0,0,0.0,0,0,-0.4113963548846198,0,0,0.0,2017,0,Recife,NaN,Brazil,-8.0584933,-34.8848193
Leandro Lo,0.0,1.0,0.0,0.0,0.0,1.0,0.0,0.0,1.0,No specific target,Neck,1,2.0,0.0,0,0.0,0,0,-0.4113963548846198,0,0,0.0,2017,0,São Paulo,NaN,Brazil,-1.2043218,-47.1583944
Joao Costa,0.0,1.0,0.0,0.0,0.0,1.0,0.0,0.0,1.0,No specific target,Arm,1,3.0,0.0,0,0.0,0,0,-0.4113963548846198,0,0,0.0,2022,0,Rio de Janeiro,NaN,Brazil,-22.9110137,-43.2093727
Servio Tulio,0.0,1.0,0.0,0.0,0.0,1.0,0.0,0.0,1.0,No specific target,Arm,1,1.0,0.0,0,0.0,0,0,-0.4113963548846198,0,0,0.0,2019,0,Belo Horizonte,NaN,Brazil,-19.9227318,-43.9450948
Jose Mario Queiroga,0.0,1.0,0.0,0.0,0.0,1.0,0.0,0.0,1.0,No specific target,No specific vulnerability,1,4.0,0.0,0,0.0,0,0,-0.4113963548846198,0,0,0.0,2000,0,Manaus,NaN,Brazil,-3.1316333,-59.9825041
Gerardi Rinaldi,0.0,3.0,0.0,0.0,0.0,1.0,0.0,0.0,3.0,No specific target,Leg,1,4.0,3.0,4,0.0,0,0,2.359525674882788,0,0,0.0,2009,0,Rome,NaN,Italy,41.8933203,12.4829321
Antonio Peinado,0.0,2.0,0.0,0.0,0.0,1.0,0.0,0.0,2.0,No specific target,No specific vulnerability,1,3.0,2.0,3,0.0,0,0,0.5440940002075897,0,0,0.0,2011,0,São Paulo,NaN,Brazil,-1.2043218,-47.1583944
Shinya Aoki,0.0,2.0,0.0,0.0,0.0,1.0,0.0,0.0,2.0,No specific target,Leg,1,1.0,0.5,1,0.5,0,0,-0.3158473193753989,0,0,0.0,2005,0,Shizuoka,NaN,Japan,34.9332488,138.0955398
Christian Moriarty,0.0,1.0,0.0,0.0,0.0,1.0,0.0,0.0,1.0,No specific target,Leg,1,2.0,1.0,1,0.0,0,0,-0.3158473193753989,0,0,0.0,2007,0,Dublin,NaN,Ireland,53.3493795,-6.2605593
Ryan Gracie,0.0,1.0,0.0,0.0,0.0,1.0,0.0,0.0,1.0,No specific target,No specific vulnerability,1,2.0,0.0,0,0.0,0,0,-0.4113963548846198,0,0,0.0,2003,0,Rio de Janeiro,NaN,Brazil,-22.9110137,-43.2093727
Talita Alencar,0.0,1.0,0.0,0.0,0.0,1.0,0.0,0.0,1.0,No specific target,No specific vulnerability,1,0.0,1.0,1,0.0,0,0,-0.3158473193753989,0,0,0.0,2017,1,Fortaleza,NaN,Brazil,-3.7304512,-38.5217989
Gustavo Dantas,0.0,2.0,0.0,0.0,0.0,1.0,0.0,0.0,2.0,No specific target,Neck,1,0.0,0.0,0,0.0,0,0,-0.4113963548846198,0,0,0.0,2001,0,Brasília,NaN,Brazil,-10.3333333,-53.2
Augusto Ferrari,0.0,1.0,0.0,0.0,0.0,1.0,0.0,0.0,1.0,No specific target,No specific vulnerability,1,3.0,0.0,0,0.0,0,0,-0.4113963548846198,0,0,0.0,2011,0,Porto Alegre,NaN,Brazil,-30.0324999,-51.2303767
Radoslaw Turek,0.0,2.0,0.0,0.0,0.0,1.0,0.0,0.0,2.0,No specific target,Leg,1,3.0,1.0,1,0.0,0,0,-0.2202982838661779,0,0,0.0,2009,0,Warsaw,NaN,Poland,52.2337172,21.071432235636493
Penny Thomas,0.0,1.0,0.0,0.0,0.0,1.0,0.0,0.0,1.0,No specific target,Other/Unknown,1,4.0,2.0,2,0.0,0,0,-0.029200212847736,0,0,0.0,2011,1,Cape Town,NaN,South Africa,-33.9288301,18.4172197
Michelle Nicolini,0.0,1.0,0.0,0.0,0.0,1.0,0.0,0.0,1.0,No specific target,No specific vulnerability,1,0.0,4.0,4,0.0,0,0,1.1173882132629154,0,0,0.0,2015,1,Itu,NaN,Brazil,-23.2637798,-47.2998462
Carlos Machado,0.0,1.0,0.0,0.0,0.0,1.0,0.0,0.0,1.0,No specific target,No specific vulnerability,1,1.0,1.0,1,0.0,0,0,-0.3158473193753989,0,0,0.0,2000,0,Rio de Janeiro,NaN,Brazil,-22.9110137,-43.2093727
Fellipe Andrew,0.0,1.0,0.0,0.0,0.0,1.0,0.0,0.0,1.0,No specific target,Neck,1,3.0,0.0,0,0.0,0,0,-0.4113963548846198,0,0,0.0,2019,0,Manaus,NaN,Brazil,-3.1316333,-59.9825041
E. Karppinen,0.0,1.0,0.0,0.0,0.0,1.0,0.0,0.0,1.0,No specific target,No specific vulnerability,1,0.0,2.0,2,0.0,0,0,-0.029200212847736,0,0,0.0,2017,1,Helsinki,NaN,Finland,60.1674881,24.9427473
Igor Praporschchikov,0.0,1.0,0.0,0.0,0.0,1.0,0.0,0.0,1.0,No specific target,Neck,1,3.0,0.0,0,0.0,0,0,-0.4113963548846198,0,0,0.0,2011,0,Moscow,NaN,Russia,55.7505412,37.6174782
Tomas Szczerek,0.0,1.0,0.0,0.0,0.0,1.0,0.0,0.0,1.0,No specific target,Arm,1,3.0,0.0,0,0.0,0,0,-0.4113963548846198,0,0,0.0,2007,0,Warsaw,NaN,Poland,52.2337172,21.071432235636493
Yuji Arai,0.0,1.0,0.0,0.0,0.0,1.0,0.0,0.0,1.0,No specific target,Neck,1,2.0,0.0,0,0.0,0,0,-0.4113963548846198,0,0,0.0,2009,0,Tokyo,NaN,Japan,35.6768601,139.7638947
Janne-Pekka,0.0,3.0,0.0,0.0,0.0,1.0,0.0,0.0,3.0,No specific target,Arm,1,4.0,0.0,0,0.6666666666666666,0,0,-0.4113963548846198,0,0,0.0,2009,0,Helsinki,NaN,Finland,60.1674881,24.9427473
Daniel Strauss,0.0,1.0,0.0,0.0,0.0,1.0,0.0,0.0,1.0,No specific target,Leg,1,1.0,0.0,0,0.0,0,0,-0.4113963548846198,0,0,0.0,2011,0,London,NaN,England,51.4893335,-0.14405508452768728
M. Perez,0.0,3.0,0.0,0.0,0.0,1.0,0.0,0.0,3.0,No specific target,No specific vulnerability,1,2.0,0.3333333333333333,1,0.3333333333333333,0,0,-0.3158473193753989,0,0,0.0,2015,0,San Juan,NaN,Puerto Rico,18.384239049999998,-66.05343997364733
Elvira Karpinnen,0.0,1.0,0.0,0.0,0.0,1.0,0.0,0.0,1.0,No specific target,No specific vulnerability,1,0.0,2.0,2,0.0,0,0,-0.029200212847736,0,0,0.0,2019,1,Helsinki,NaN,Finland,60.1674881,24.9427473
Julia Maele,0.0,1.0,0.0,0.0,0.0,1.0,0.0,0.0,1.0,No specific target,Neck,1,0.0,1.0,1,0.0,0,0,-0.3158473193753989,0,0,0.0,2022,1,Oslo,NaN,Norway,59.9133301,10.7389701
Ben Dyson,0.0,1.0,0.0,0.0,0.0,1.0,0.0,0.0,1.0,No specific target,Leg,1,2.0,0.0,0,0.0,0,0,-0.4113963548846198,0,0,0.0,2019,0,London,NaN,England,51.4893335,-0.14405508452768728
Elvira Karppinen,0.0,1.0,0.0,0.0,0.0,1.0,0.0,0.0,1.0,No specific target,No specific vulnerability,1,0.0,1.0,1,0.0,0,0,-0.3158473193753989,0,0,0.0,2022,1,Helsinki,NaN,Finland,60.1674881,24.9427473
Magid Hage,0.0,1.0,0.0,0.0,0.0,1.0,0.0,0.0,1.0,No specific target,Arm,1,1.0,0.0,0,0.0,0,0,-0.4113963548846198,0,0,0.0,2022,0,Beirut,NaN,Lebanon,33.88922645,35.50255852895232
M. Szczecinski,0.0,1.0,0.0,0.0,0.0,1.0,0.0,0.0,1.0,No specific target,No specific vulnerability,1,1.0,1.0,1,0.0,0,0,-0.3158473193753989,0,0,0.0,2022,0,Poznań,NaN,Poland,52.4082663,16.9335199
Young-Ahm,0.0,1.0,0.0,0.0,0.0,1.0,0.0,0.0,1.0,No specific target,Neck,1,1.0,0.0,0,0.0,0,0,-0.4113963548846198,0,0,0.0,2015,0,Seoul,NaN,South Korea,37.5666791,126.9782914
Akira Shoji,0.0,1.0,0.0,0.0,0.0,1.0,0.0,0.0,1.0,No specific target,No specific vulnerability,1,2.0,0.0,0,0.0,0,0,-0.4113963548846198,0,0,0.0,2003,0,Osaka,NaN,Japan,34.6937569,135.5014539
Marko Helen,0.0,3.0,0.0,0.0,0.0,1.0,0.0,0.0,3.0,No specific target,Arm,1,2.0,0.0,0,0.3333333333333333,0,0,-0.4113963548846198,0,0,0.0,2005,0,Helsinki,NaN,Finland,60.1674881,24.9427473
Yushin Okami,0.0,1.0,0.0,0.0,0.0,1.0,0.0,0.0,1.0,No specific target,No specific vulnerability,1,2.0,0.0,0,0.0,0,0,-0.4113963548846198,0,0,0.0,2007,0,Kanagawa,NaN,Japan,35.4342935,139.374753
M. Yano,0.0,1.0,0.0,0.0,0.0,1.0,0.0,0.0,1.0,No specific target,Neck,1,3.0,0.0,0,0.0,0,0,-0.4113963548846198,0,0,0.0,2001,0,Tokyo,NaN,Japan,35.6768601,139.7638947
Ilir Lafiti,0.0,2.0,0.0,0.0,0.0,1.0,0.0,0.0,2.0,No specific target,Neck,1,3.0,0.0,0,0.5,0,0,-0.4113963548846198,0,0,0.0,2003,0,Malmö,NaN,Sweden,55.6052931,13.0001566
Andreas Olsen,0.0,1.0,0.0,0.0,0.0,1.0,0.0,0.0,1.0,No specific target,Neck,1,3.0,0.0,0,0.0,0,0,-0.4113963548846198,0,0,0.0,2009,0,Copenhagen,NaN,Denmark,55.6867243,12.5700724
Jia Jang,0.0,1.0,0.0,0.0,0.0,1.0,0.0,0.0,1.0,No specific target,Leg,1,3.0,0.0,0,0.0,0,0,-0.4113963548846198,0,0,0.0,2013,0,Beijing,NaN,China,39.9057136,116.3912972
Hideki Sekine,0.0,3.0,0.0,0.0,0.0,1.0,0.0,0.0,3.0,No specific target,Leg,1,4.0,0.3333333333333333,1,0.3333333333333333,0,0,-0.3158473193753989,0,0,0.0,2013,0,Tokyo,NaN,Japan,35.6768601,139.7638947
Lee Hyoung,0.0,1.0,0.0,0.0,0.0,1.0,0.0,0.0,1.0,No specific target,Arm,1,4.0,0.0,0,0.0,0,0,-0.4113963548846198,0,0,0.0,2015,0,Seoul,NaN,South Korea,37.5666791,126.9782914
Ricardo Mesquita,0.0,2.0,0.0,0.0,0.0,1.0,0.0,0.0,2.0,No specific target,Leg,1,2.0,0.0,0,0.5,0,0,-0.4113963548846198,0,0,0.0,2015,0,Rio de Janeiro,NaN,Brazil,-22.9110137,-43.2093727
Hannette Staack,0.0,1.0,0.0,0.0,0.0,1.0,0.0,0.0,1.0,No specific target,No specific vulnerability,1,4.0,4.0,4,0.0,0,0,1.1173882132629154,0,0,0.0,2011,1,São Luís,NaN,Brazil,-2.5295265,-44.2963942
Yurika Nakakura,0.0,1.0,0.0,0.0,0.0,1.0,0.0,0.0,1.0,No specific target,Neck,1,4.0,1.0,1,0.0,0,0,-0.3158473193753989,0,0,0.0,2013,1,Tokyo,NaN,Japan,35.6768601,139.7638947
Fernanda Mazelli,0.0,1.0,0.0,0.0,0.0,1.0,0.0,0.0,1.0,No specific target,No specific vulnerability,1,4.0,4.0,4,0.0,0,0,1.1173882132629154,0,0,0.0,2013,1,Guarapari,NaN,Brazil,-20.6718755,-40.4984617
Alison Tremblay,0.0,1.0,0.0,0.0,0.0,1.0,0.0,0.0,1.0,No specific target,Arm,1,4.0,1.0,1,0.0,0,0,-0.3158473193753989,0,0,0.0,2015,1,Montreal,NaN,Canada,45.5031824,-73.5698065
Amanda Santana,0.0,1.0,0.0,0.0,0.0,1.0,0.0,0.0,1.0,No specific target,No specific vulnerability,1,4.0,3.0,3,0.0,0,0,0.4485449646983687,0,0,0.0,2015,1,Rio de Janeiro,NaN,Brazil,-22.9110137,-43.2093727
Talita Treta,0.0,1.0,0.0,0.0,0.0,1.0,0.0,0.0,1.0,No specific target,Other/Unknown,1,4.0,4.0,4,0.0,0,0,1.1173882132629154,0,0,0.0,2017,1,São Paulo,NaN,Brazil,-1.2043218,-47.1583944
Stefanie Egger,0.0,1.0,0.0,0.0,0.0,1.0,0.0,0.0,1.0,No specific target,No specific vulnerability,1,4.0,1.0,1,0.0,0,0,-0.3158473193753989,0,0,0.0,2019,1,Bern,NaN,Switzerland,46.9484742,7.4521749
Ana Carolina,0.0,1.0,0.0,0.0,0.0,1.0,0.0,0.0,1.0,No specific target,No specific vulnerability,1,4.0,2.0,2,0.0,0,0,-0.029200212847736,0,0,0.0,2019,1,,,,29.3644727,112.3905651
Carina Santi,0.0,1.0,0.0,0.0,0.0,1.0,0.0,0.0,1.0,No specific target,Arm,1,4.0,4.0,4,0.0,0,0,1.1173882132629154,0,0,0.0,2019,1,São Paulo,NaN,Brazil,-1.2043218,-47.1583944
Satori Kitaoka,0.0,1.0,0.0,0.0,0.0,1.0,0.0,0.0,1.0,No specific target,Neck,1,1.0,0.0,0,0.0,0,0,-0.4113963548846198,0,0,0.0,2013,0,Nagasaki,NaN,Japan,33.1154683,129.7874339
Eoghan OFlanagan,0.0,2.0,0.0,0.0,0.0,1.0,0.0,0.0,2.0,No specific target,Leg,1,2.0,2.5,3,0.0,0,0,0.8307411067352526,0,0,0.0,2022,0,Dublin,NaN,Ireland,53.3493795,-6.2605593
Ben Hodgkinson,0.0,1.0,0.0,0.0,0.0,1.0,0.0,0.0,1.0,No specific target,Neck,1,3.0,0.0,0,0.0,0,0,-0.4113963548846198,0,0,0.0,2019,0,Perth,NaN,Australia,-31.9558933,115.8605855
Heikki Jussila,0.0,1.0,0.0,0.0,0.0,1.0,0.0,0.0,1.0,No specific target,Neck,1,4.0,0.0,0,0.0,0,0,-0.4113963548846198,0,0,0.0,2022,0,Helsinki,NaN,Finland,60.1674881,24.9427473
Timo-Juhani,0.0,2.0,0.0,0.0,0.0,1.0,0.0,0.0,2.0,No specific target,No specific vulnerability,1,0.0,0.0,0,0.0,0,0,-0.4113963548846198,0,0,0.0,2009,0,Helsinki,NaN,Finland,60.1674881,24.9427473
J. Urholin,0.0,1.0,0.0,0.0,0.0,1.0,0.0,0.0,1.0,No specific target,No specific vulnerability,1,2.0,0.0,0,0.0,0,0,-0.4113963548846198,0,0,0.0,2015,0,Helsinki,NaN,Finland,60.1674881,24.9427473
Piotr Frechowicz,0.0,1.0,0.0,0.0,0.0,1.0,0.0,0.0,1.0,No specific target,No specific vulnerability,1,2.0,0.0,0,0.0,0,0,-0.4113963548846198,0,0,0.0,2017,0,Warsaw,NaN,Poland,52.2337172,21.071432235636493
Erico Cocco,0.0,1.0,0.0,0.0,0.0,1.0,0.0,0.0,1.0,No specific target,Neck,1,1.0,0.0,0,0.0,0,0,-0.4113963548846198,0,0,0.0,2009,0,São Paulo,NaN,Brazil,-1.2043218,-47.1583944
Andy Wang,0.0,1.0,0.0,0.0,0.0,1.0,0.0,0.0,1.0,No specific target,Neck,1,1.0,0.0,0,0.0,0,0,-0.4113963548846198,0,0,0.0,2013,0,Kaohsiung,NaN,Taiwan,22.6203348,120.3120375
Tero Pyylampi,0.0,2.0,0.0,0.0,0.0,1.0,0.0,0.0,2.0,No specific target,No specific vulnerability,1,1.0,0.0,0,0.0,0,0,-0.4113963548846198,0,0,0.0,2013,0,Helsinki,NaN,Finland,60.1674881,24.9427473
Gamrot Mateusz,0.0,1.0,0.0,0.0,0.0,1.0,0.0,0.0,1.0,No specific target,No specific vulnerability,1,1.0,0.0,0,0.0,0,0,-0.4113963548846198,0,0,0.0,2015,0,Poznań,NaN,Poland,52.4082663,16.9335199
Osman Kasimov,0.0,1.0,0.0,0.0,0.0,1.0,0.0,0.0,1.0,No specific target,Neck,1,1.0,0.0,0,0.0,0,0,-0.4113963548846198,0,0,0.0,2017,0,Baku,NaN,Azerbaijan,40.3755885,49.8328009
Kethe Engen,0.0,1.0,0.0,0.0,0.0,1.0,0.0,0.0,1.0,No specific target,Leg,1,0.0,1.0,1,0.0,0,0,-0.3158473193753989,0,0,0.0,2015,1,Oslo,NaN,Norway,59.9133301,10.7389701
Bia Mesquita,0.0,1.0,0.0,0.0,0.0,1.0,0.0,0.0,1.0,No specific target,No specific vulnerability,1,0.0,2.0,2,0.0,0,0,-0.029200212847736,0,0,0.0,2015,1,Niterói,NaN,Brazil,-22.8884,-43.1147
Rodrigo Dib,0.0,1.0,0.0,0.0,0.0,1.0,0.0,0.0,1.0,No specific target,No specific vulnerability,1,2.0,0.0,0,0.0,0,0,-0.4113963548846198,0,0,0.0,2022,0,São Paulo,NaN,Brazil,-1.2043218,-47.1583944
Caol Uno,0.0,2.0,0.0,0.0,0.0,1.0,0.0,0.0,2.0,No specific target,Neck,1,1.0,2.0,4,0.0,0,0,1.1173882132629154,0,0,0.0,1999,0,Kanagawa,NaN,Japan,35.4342935,139.374753
Peter Angerer,0.0,1.0,0.0,0.0,0.0,1.0,0.0,0.0,1.0,No specific target,Arm,1,1.0,0.0,0,0.0,0,0,-0.4113963548846198,0,0,0.0,2001,0,Munich,NaN,Germany,48.1371079,11.5753822
F. Vasconcelos,0.0,1.0,0.0,0.0,0.0,1.0,0.0,0.0,1.0,No specific target,No specific vulnerability,1,1.0,1.0,1,0.0,0,0,-0.3158473193753989,0,0,0.0,2001,0,Recife,NaN,Brazil,-8.0584933,-34.8848193
A. Zhanpeisov,0.0,2.0,0.0,0.0,0.0,1.0,0.0,0.0,2.0,No specific target,Neck,1,4.0,0.0,0,0.5,0,0,-0.4113963548846198,0,0,0.0,2017,0,Almaty,NaN,Kazakhstan,43.2363924,76.9457275
Y. Takahito,0.0,1.0,0.0,0.0,0.0,1.0,0.0,0.0,1.0,No specific target,Arm,1,0.0,0.0,0,0.0,0,0,-0.4113963548846198,0,0,0.0,2013,0,Tokyo,NaN,Japan,35.6768601,139.7638947
Tetsu Suzuki,0.0,1.0,0.0,0.0,0.0,1.0,0.0,0.0,1.0,No specific target,Arm,1,0.0,1.0,1,0.0,0,0,-0.3158473193753989,0,0,0.0,2013,0,Osaka,NaN,Japan,34.6937569,135.5014539
Tetsu Hadario,0.0,1.0,0.0,0.0,0.0,1.0,0.0,0.0,1.0,No specific target,No specific vulnerability,1,0.0,0.0,0,0.0,0,0,-0.4113963548846198,0,0,0.0,2011,0,Tokyo,NaN,Japan,35.6768601,139.7638947
J. Pietkainen,0.0,1.0,0.0,0.0,0.0,1.0,0.0,0.0,1.0,No specific target,No specific vulnerability,1,4.0,0.0,0,0.0,0,0,-0.4113963548846198,0,0,0.0,2017,0,Helsinki,NaN,Finland,60.1674881,24.9427473
Zbigniew Tyszka,0.0,3.0,0.0,0.0,0.0,1.0,0.0,0.0,3.0,No specific target,Neck,1,2.0,0.3333333333333333,1,0.0,0,0,-0.3158473193753989,0,0,0.0,2011,0,Warsaw,NaN,Poland,52.2337172,21.071432235636493
Hideki Shrek,0.0,1.0,0.0,0.0,0.0,1.0,0.0,0.0,1.0,No specific target,No specific vulnerability,1,,0.0,0,1.0,0,0,-0.4113963548846198,0,0,0.0,2015,0,Tokyo,NaN,Japan,35.6768601,139.7638947
Luke Griffith,0.0,1.0,0.0,0.0,0.0,1.0,0.0,0.0,1.0,No specific target,No specific vulnerability,1,3.0,0.0,0,0.0,0,0,-0.4113963548846198,0,0,0.0,2022,0,Cape Town,NaN,South Africa,-33.9288301,18.4172197
Kamil Wilk,0.0,1.0,0.0,0.0,0.0,1.0,0.0,0.0,1.0,No specific target,No specific vulnerability,1,0.0,0.0,0,0.0,0,0,-0.4113963548846198,0,0,0.0,2017,0,Kraków,NaN,Poland,50.0619474,19.9368564
Amir Allam,0.0,1.0,0.0,0.0,0.0,1.0,0.0,0.0,1.0,No specific target,No specific vulnerability,1,4.0,0.0,0,0.0,0,0,-0.4113963548846198,0,0,0.0,2013,0,Cairo,NaN,Egypt,30.0443879,31.2357257
Abdulaev Ruslan,0.0,1.0,0.0,0.0,0.0,1.0,0.0,0.0,1.0,No specific target,Neck,1,4.0,0.0,0,0.0,0,0,-0.4113963548846198,0,0,0.0,2017,0,Makhachkala,NaN,Russia,42.9830241,47.5048717
Yousef Elzien,0.0,1.0,0.0,0.0,0.0,1.0,0.0,0.0,1.0,No specific target,Other/Unknown,1,4.0,0.0,0,0.0,0,0,-0.4113963548846198,0,0,0.0,1998,0,Amman,NaN,Jordan,31.9515694,35.9239625
Ricardo Moraes,0.0,2.0,0.0,0.0,0.0,1.0,0.0,0.0,2.0,No specific target,No specific vulnerability,1,4.0,1.5,2,0.0,0,0,0.0663488226614849,0,0,0.0,1998,0,Rio de Janeiro,NaN,Brazil,-22.9110137,-43.2093727
Firas Nakdali,0.0,1.0,0.0,0.0,0.0,1.0,0.0,0.0,1.0,No specific target,Arm,1,4.0,2.0,2,0.0,0,0,-0.029200212847736,0,0,0.0,1998,0,Damascus,NaN,Syria,33.5130695,36.3095814
Kim Mason,0.0,1.0,0.0,0.0,0.0,1.0,0.0,0.0,1.0,No specific target,No specific vulnerability,1,,0.0,0,1.0,0,0,-0.4113963548846198,0,0,0.0,1999,0,Sydney,NaN,Australia,-33.8698439,151.2082848
Carlos Barreto,0.0,1.0,0.0,0.0,0.0,1.0,0.0,0.0,1.0,No specific target,No specific vulnerability,1,4.0,0.0,0,0.0,0,0,-0.4113963548846198,0,0,0.0,2000,0,Rio de Janeiro,NaN,Brazil,-22.9110137,-43.2093727
Y. Yatso,0.0,1.0,0.0,0.0,0.0,1.0,0.0,0.0,1.0,No specific target,Arm,1,4.0,0.0,0,0.0,0,0,-0.4113963548846198,0,0,0.0,2001,0,Tokyo,NaN,Japan,35.6768601,139.7638947
Halm Gocalli,0.0,1.0,0.0,0.0,0.0,1.0,0.0,0.0,1.0,No specific target,Other/Unknown,1,4.0,0.0,0,0.0,0,0,-0.4113963548846198,0,0,0.0,2005,0,Istanbul,NaN,Turkey,41.0766019,29.052495
Y. Ozawa,0.0,2.0,0.0,0.0,0.0,1.0,0.0,0.0,2.0,No specific target,Neck,1,3.0,0.0,0,0.5,0,0,-0.4113963548846198,0,0,0.0,2017,0,Osaka,NaN,Japan,34.6937569,135.5014539
Juskowiak Mateusz,0.0,1.0,0.0,0.0,0.0,1.0,0.0,0.0,1.0,No specific target,Neck,1,4.0,0.0,0,0.0,0,0,-0.4113963548846198,0,0,0.0,2015,0,Poznań,NaN,Poland,52.4082663,16.9335199
Marc,0.0,1.0,0.0,0.0,0.0,1.0,0.0,0.0,1.0,No specific target,Arm,1,0.0,2.0,2,0.0,0,0,-0.029200212847736,0,0,0.0,1998,0,Paris,NaN,France,48.8588897,2.3200410217200766
Robin Gracie,0.0,1.0,0.0,0.0,0.0,1.0,0.0,0.0,1.0,No specific target,Neck,1,0.0,4.0,4,0.0,0,0,1.1173882132629154,0,0,0.0,1998,0,Rio de Janeiro,NaN,Brazil,-22.9110137,-43.2093727
T. Hirono,0.0,1.0,0.0,0.0,0.0,1.0,0.0,0.0,1.0,No specific target,Arm,1,0.0,0.0,0,0.0,0,0,-0.4113963548846198,0,0,0.0,1999,0,Tokyo,NaN,Japan,35.6768601,139.7638947
Sasha Plavski,0.0,1.0,0.0,0.0,0.0,1.0,0.0,0.0,1.0,No specific target,No specific vulnerability,1,0.0,1.0,1,0.0,0,0,-0.3158473193753989,0,0,0.0,2000,0,Minsk,NaN,Belarus,53.9024716,27.5618225
Y. Kinishi,0.0,1.0,0.0,0.0,0.0,1.0,0.0,0.0,1.0,No specific target,Neck,1,0.0,0.0,0,0.0,0,0,-0.4113963548846198,0,0,0.0,2001,0,Osaka,NaN,Japan,34.6937569,135.5014539
K. Hirate,0.0,1.0,0.0,0.0,0.0,1.0,0.0,0.0,1.0,No specific target,No specific vulnerability,1,0.0,0.0,0,0.0,0,0,-0.4113963548846198,0,0,0.0,2003,0,Nagoya,NaN,Japan,35.1851045,136.8998438
Joaquim Hansen,0.0,1.0,0.0,0.0,0.0,1.0,0.0,0.0,1.0,No specific target,Neck,1,0.0,1.0,1,0.0,0,0,-0.3158473193753989,0,0,0.0,2003,0,Lisbon,NaN,Portugal,38.7077507,-9.1365919
Michael Groth,0.0,1.0,0.0,0.0,0.0,1.0,0.0,0.0,1.0,No specific target,Arm,1,3.0,0.0,0,0.0,0,0,-0.4113963548846198,0,0,0.0,2005,0,Berlin,NaN,Germany,52.510885,13.3989367
John Einimo,0.0,1.0,0.0,0.0,0.0,1.0,0.0,0.0,1.0,No specific target,No specific vulnerability,1,3.0,3.0,3,0.0,0,0,0.4485449646983687,0,0,0.0,2005,0,Oslo,NaN,Norway,59.9133301,10.7389701
Antoine Joude,0.0,2.0,0.0,0.0,0.0,1.0,0.0,0.0,2.0,No specific target,Leg,1,3.0,0.0,0,0.5,0,0,-0.4113963548846198,0,0,0.0,2005,0,Beirut,NaN,Lebanon,33.88922645,35.50255852895232
Yukissyu Ozawa,0.0,1.0,0.0,0.0,0.0,1.0,0.0,0.0,1.0,No specific target,Other/Unknown,1,3.0,0.0,0,0.0,0,0,-0.4113963548846198,0,0,0.0,2007,0,Tokyo,NaN,Japan,35.6768601,139.7638947
Ilir Latifi,0.0,1.0,0.0,0.0,0.0,1.0,0.0,0.0,1.0,No specific target,No specific vulnerability,1,3.0,0.0,0,0.0,0,0,-0.4113963548846198,0,0,0.0,2009,0,Malmö,NaN,Sweden,55.6052931,13.0001566
Lucio Lagarto,0.0,1.0,0.0,0.0,0.0,1.0,0.0,0.0,1.0,No specific target,Neck,1,3.0,1.0,1,0.0,0,0,-0.3158473193753989,0,0,0.0,2011,0,Salvador,NaN,Brazil,-12.9822499,-38.4812772
Yukiyasu Ozawa,0.0,1.0,0.0,0.0,0.0,1.0,0.0,0.0,1.0,No specific target,Arm,1,3.0,0.0,0,0.0,0,0,-0.4113963548846198,0,0,0.0,2015,0,Tokyo,NaN,Japan,35.6768601,139.7638947
T. Pyylampi,0.0,1.0,0.0,0.0,0.0,1.0,0.0,0.0,1.0,No specific target,Arm,1,,0.0,0,1.0,0,0,-0.4113963548846198,0,0,0.0,2017,0,,,,29.3644727,112.3905651
Wellington Dias,0.0,1.0,0.0,0.0,0.0,1.0,0.0,0.0,1.0,No specific target,Arm,1,0.0,0.0,0,0.0,0,0,-0.4113963548846198,0,0,0.0,1999,0,,,,29.3644727,112.3905651
Akira Shouji,0.0,1.0,0.0,0.0,0.0,1.0,0.0,0.0,1.0,No specific target,No specific vulnerability,1,2.0,0.0,0,0.0,0,0,-0.4113963548846198,0,0,0.0,1999,0,,,,29.3644727,112.3905651
Chris Bright,0.0,1.0,0.0,0.0,0.0,1.0,0.0,0.0,1.0,No specific target,Other/Unknown,1,1.0,0.0,0,0.0,0,0,-0.4113963548846198,0,0,0.0,2007,0,London,NaN,England,51.4893335,-0.14405508452768728
Mark Bocek,0.0,1.0,0.0,0.0,0.0,1.0,0.0,0.0,1.0,No specific target,Leg,1,1.0,1.0,1,0.0,0,0,-0.3158473193753989,0,0,0.0,2007,0,Toronto,Ontario,Canada,43.6534817,-79.3839347
Kassim Anan,0.0,1.0,0.0,0.0,0.0,1.0,0.0,0.0,1.0,No specific target,No specific vulnerability,1,2.0,0.0,0,0.0,0,0,-0.4113963548846198,0,0,0.0,2009,0,Accra,NaN,Ghana,5.5571096,-0.2012376
Shinzo Ansai,0.0,1.0,0.0,0.0,0.0,1.0,0.0,0.0,1.0,No specific target,Neck,1,,0.0,0,1.0,0,0,-0.4113963548846198,0,0,0.0,2011,0,Osaka,NaN,Japan,34.6937569,135.5014539
Akihiro Gono,0.0,2.0,0.0,0.0,0.0,1.0,0.0,0.0,2.0,No specific target,Neck,1,2.0,0.0,0,0.0,0,0,-0.4113963548846198,0,0,0.0,1999,0,Tokyo,NaN,Japan,35.6768601,139.7638947
Alexander Savko,0.0,1.0,0.0,0.0,0.0,1.0,0.0,0.0,1.0,No specific target,Arm,1,2.0,1.0,1,0.0,0,0,-0.3158473193753989,0,0,0.0,2001,0,Minsk,NaN,Belarus,53.9024716,27.5618225
Nicholas Renier,0.0,1.0,0.0,0.0,0.0,1.0,0.0,0.0,1.0,No specific target,No specific vulnerability,1,1.0,0.0,0,0.0,0,0,-0.4113963548846198,0,0,0.0,2015,0,,,,29.3644727,112.3905651
N. Uematsu,0.0,1.0,0.0,0.0,0.0,1.0,0.0,0.0,1.0,No specific target,Neck,1,0.0,1.0,1,0.0,0,0,-0.3158473193753989,0,0,0.0,2001,0,,,,29.3644727,112.3905651
Mike Mrkulic,0.0,1.0,0.0,0.0,0.0,1.0,0.0,0.0,1.0,No specific target,Neck,1,0.0,1.0,1,0.0,0,0,-0.3158473193753989,0,0,0.0,2003,0,,,,29.3644727,112.3905651
Eddie Sanchez,0.0,1.0,0.0,0.0,0.0,1.0,0.0,0.0,1.0,No specific target,Neck,1,0.0,0.0,0,0.0,0,0,-0.4113963548846198,0,0,0.0,2007,0,,,,29.3644727,112.3905651
Yoshitomi Mishima,0.0,1.0,0.0,0.0,0.0,1.0,0.0,0.0,1.0,No specific target,Neck,1,0.0,1.0,1,0.0,0,0,-0.3158473193753989,0,0,0.0,2007,0,,,,29.3644727,112.3905651
Tetsu Suzuko,0.0,1.0,0.0,0.0,0.0,1.0,0.0,0.0,1.0,No specific target,No specific vulnerability,1,0.0,3.0,3,0.0,0,0,0.4485449646983687,0,0,0.0,2007,0,,,,29.3644727,112.3905651
Rikako Yuasa,0.0,1.0,0.0,0.0,0.0,1.0,0.0,0.0,1.0,No specific target,No specific vulnerability,1,0.0,1.0,1,0.0,0,0,-0.3158473193753989,0,0,0.0,2019,1,,,,29.3644727,112.3905651
Nicollas Renier,0.0,1.0,0.0,0.0,0.0,1.0,0.0,0.0,1.0,No specific target,Neck,1,0.0,0.0,0,0.0,0,0,-0.4113963548846198,0,0,0.0,2017,0,Paris,NaN,France,48.8588897,2.3200410217200766
T. Kosaka,0.0,1.0,0.0,0.0,0.0,1.0,0.0,0.0,1.0,No specific target,No specific vulnerability,1,4.0,0.0,0,0.0,0,0,-0.4113963548846198,0,0,0.0,2003,0,Kyoto,NaN,Japan,35.021041,135.7556075
Jehad Hamdan,0.0,1.0,0.0,0.0,0.0,1.0,0.0,0.0,1.0,No specific target,No specific vulnerability,1,4.0,1.0,1,0.0,0,0,-0.3158473193753989,0,0,0.0,2003,0,Amman,NaN,Jordan,31.9515694,35.9239625
Denis Roberts,0.0,2.0,0.0,0.0,0.0,1.0,0.0,0.0,2.0,No specific target,Leg,1,4.0,0.0,0,0.0,0,0,-0.4113963548846198,0,0,0.0,2005,0,Perth,NaN,Australia,-31.9558933,115.8605855
Daniel Simoes,0.0,2.0,0.0,0.0,0.0,1.0,0.0,0.0,2.0,No specific target,No specific vulnerability,1,4.0,2.0,3,0.0,0,0,0.5440940002075897,0,0,0.0,2005,0,Rio de Janeiro,NaN,Brazil,-22.9110137,-43.2093727
Mario Rinaldi,0.0,1.0,0.0,0.0,0.0,1.0,0.0,0.0,1.0,No specific target,Other/Unknown,1,,0.0,0,1.0,0,0,-0.4113963548846198,0,0,0.0,2007,0,Naples,NaN,Italy,40.8358846,14.2487679
Elvis Sinosic,0.0,1.0,0.0,0.0,0.0,1.0,0.0,0.0,1.0,No specific target,Arm,1,4.0,0.0,0,0.0,0,0,-0.4113963548846198,0,0,0.0,2007,0,Sydney,NaN,Australia,-33.8698439,151.2082848
Darren Andy,0.0,2.0,0.0,0.0,0.0,1.0,0.0,0.0,2.0,No specific target,No specific vulnerability,1,4.0,2.5,3,0.0,0,0,0.8307411067352526,0,0,0.0,2007,0,Manchester,NaN,England,53.4794892,-2.2451148
Rogent Lorent,0.0,1.0,0.0,0.0,0.0,1.0,0.0,0.0,1.0,No specific target,Arm,1,4.0,0.0,0,0.0,0,0,-0.4113963548846198,0,0,0.0,2009,0,Brussels,NaN,Belgium,50.8465573,4.351697
Tomasz Janiszewski,0.0,1.0,0.0,0.0,0.0,1.0,0.0,0.0,1.0,No specific target,No specific vulnerability,1,4.0,1.0,1,0.0,0,0,-0.3158473193753989,0,0,0.0,2009,0,Warsaw,NaN,Poland,52.2337172,21.071432235636493
Paulo Pinto,0.0,1.0,0.0,0.0,0.0,1.0,0.0,0.0,1.0,No specific target,No specific vulnerability,1,3.0,0.0,0,0.0,0,0,-0.4113963548846198,0,0,0.0,2019,0,São Paulo,NaN,Brazil,-1.2043218,-47.1583944
Serguei Onishuk,0.0,1.0,0.0,0.0,0.0,1.0,0.0,0.0,1.0,No specific target,Neck,1,1.0,0.0,0,0.0,0,0,-0.4113963548846198,0,0,0.0,2001,0,Kiev,NaN,Ukraine,50.4500336,30.5241361
Y. Kohsaka,0.0,1.0,0.0,0.0,0.0,1.0,0.0,0.0,1.0,No specific target,Arm,1,,0.0,0,1.0,0,0,-0.4113963548846198,0,0,0.0,2001,0,Tokyo,NaN,Japan,35.6768601,139.7638947
Jamie Ballard,0.0,1.0,0.0,0.0,0.0,1.0,0.0,0.0,1.0,No specific target,Neck,1,0.0,0.0,0,0.0,0,0,-0.4113963548846198,0,0,0.0,2007,0,Liverpool,NaN,England,53.4071991,-2.99168
Daniel Hortegas,0.0,1.0,0.0,0.0,0.0,1.0,0.0,0.0,1.0,No specific target,Leg,1,0.0,0.0,0,0.0,0,0,-0.4113963548846198,0,0,0.0,2015,0,Barcelona,NaN,Spain,41.3828939,2.1774322
Liu Wen,0.0,1.0,0.0,0.0,0.0,1.0,0.0,0.0,1.0,No specific target,No specific vulnerability,1,3.0,0.0,0,0.0,0,0,-0.4113963548846198,0,0,0.0,2013,0,Shanghai,NaN,China,31.2312707,121.4700152
Tomasz Narkun,0.0,2.0,0.0,0.0,0.0,1.0,0.0,0.0,2.0,No specific target,No specific vulnerability,1,3.0,0.5,1,0.0,0,0,-0.3158473193753989,0,0,0.0,2013,0,Gdańsk,NaN,Poland,54.42880315,18.79832701217957
Eduardo Rios,0.0,1.0,0.0,0.0,0.0,1.0,0.0,0.0,1.0,No specific target,Neck,1,1.0,0.0,0,0.0,0,0,-0.4113963548846198,0,0,0.0,2013,0,Rio de Janeiro,NaN,Brazil,-22.9110137,-43.2093727
Fabio Gurgel,0.0,1.0,0.0,0.0,0.0,1.0,0.0,0.0,1.0,No specific target,No specific vulnerability,1,,5.0,5,1.0,0,0,1.977329532845904,0,0,0.0,2013,0,São Paulo,NaN,Brazil,-1.2043218,-47.1583944
Karl Webber,0.0,1.0,0.0,0.0,0.0,1.0,0.0,0.0,1.0,No specific target,No specific vulnerability,1,2.0,0.0,0,0.0,0,0,-0.4113963548846198,0,0,0.0,2000,0,London,NaN,England,51.4893335,-0.14405508452768728
Take Hanai,0.0,1.0,0.0,0.0,0.0,1.0,0.0,0.0,1.0,No specific target,No specific vulnerability,1,2.0,0.0,0,0.0,0,0,-0.4113963548846198,0,0,0.0,2005,0,Tokyo,NaN,Japan,35.6768601,139.7638947
Muhammad Saleh,0.0,1.0,0.0,0.0,0.0,1.0,0.0,0.0,1.0,No specific target,No specific vulnerability,1,3.0,0.0,0,0.0,0,0,-0.4113963548846198,0,0,0.0,1998,0,Dubai,NaN,UAE,25.2653471,55.2924914
Renato Verissimo,0.0,1.0,0.0,0.0,0.0,1.0,0.0,0.0,1.0,No specific target,Neck,1,3.0,2.0,2,0.0,0,0,-0.029200212847736,0,0,0.0,1998,0,São Paulo,NaN,Brazil,-1.2043218,-47.1583944
Oleg Taktarov,0.0,1.0,0.0,0.0,0.0,1.0,0.0,0.0,1.0,No specific target,No specific vulnerability,1,,1.0,1,1.0,0,0,-0.3158473193753989,0,0,0.0,1998,0,Moscow,NaN,Russia,55.7505412,37.6174782
Simon Siasi,0.0,1.0,0.0,0.0,0.0,1.0,0.0,0.0,1.0,No specific target,Leg,1,,2.0,2,1.0,0,0,-0.029200212847736,0,0,0.0,1998,0,Sydney,NaN,Australia,-33.8698439,151.2082848
Enson Inoe,0.0,1.0,0.0,0.0,0.0,1.0,0.0,0.0,1.0,No specific target,No specific vulnerability,1,,5.0,5,1.0,0,0,1.977329532845904,0,0,0.0,1999,0,Tokyo,NaN,Japan,35.6768601,139.7638947
Keita Iwamoto,0.0,1.0,0.0,0.0,0.0,1.0,0.0,0.0,1.0,No specific target,No specific vulnerability,1,1.0,0.0,0,0.0,0,0,-0.4113963548846198,0,0,0.0,2022,0,Osaka,NaN,Japan,34.6937569,135.5014539
Owen Livesey,0.0,1.0,0.0,0.0,0.0,1.0,0.0,0.0,1.0,No specific target,No specific vulnerability,1,3.0,0.0,0,0.0,0,0,-0.4113963548846198,0,0,0.0,2022,0,London,NaN,England,51.4893335,-0.14405508452768728
Giovanna Jara,0.0,1.0,0.0,0.0,0.0,1.0,0.0,0.0,1.0,No specific target,Neck,1,4.0,1.0,1,0.0,0,0,-0.3158473193753989,0,0,0.0,2022,1,São Paulo,NaN,Brazil,-1.2043218,-47.1583944
Cristiano Lazzarini,0.0,3.0,0.0,0.0,0.0,1.0,0.0,0.0,3.0,No specific target,Neck,1,3.0,2.0,3,0.0,0,0,0.9262901422444736,0,0,0.0,2007,0,Rio de Janeiro,NaN,Brazil,-22.9110137,-43.2093727
R. Alvarenga,0.0,1.0,0.0,0.0,0.0,1.0,0.0,0.0,1.0,No specific target,Neck,1,0.0,0.0,0,0.0,0,0,-0.4113963548846198,0,0,0.0,2019,0,Belo Horizonte,NaN,Brazil,-19.9227318,-43.9450948
Alian Drueco,0.0,1.0,0.0,0.0,0.0,1.0,0.0,0.0,1.0,No specific target,Neck,1,3.0,0.0,0,0.0,0,0,-0.4113963548846198,0,0,0.0,2013,0,Rome,NaN,Italy,41.8933203,12.4829321
Mikael Knutsson,0.0,1.0,0.0,0.0,0.0,1.0,0.0,0.0,1.0,No specific target,No specific vulnerability,1,3.0,1.0,1,0.0,0,0,-0.3158473193753989,0,0,0.0,2013,0,Stockholm,NaN,Sweden,59.3251172,18.0710935
George St,0.0,1.0,0.0,0.0,0.0,1.0,0.0,0.0,1.0,No specific target,Arm,1,1.0,1.0,1,0.0,0,0,-0.3158473193753989,0,0,0.0,2005,0,Montreal,Quebec,Canada,45.5031824,-73.5698065
Yoshiyuki Yoshida,0.0,1.0,0.0,0.0,0.0,1.0,0.0,0.0,1.0,No specific target,No specific vulnerability,1,1.0,0.0,0,0.0,0,0,-0.4113963548846198,0,0,0.0,2009,0,Tokyo,NaN,Japan,35.6768601,139.7638947
Morris Clifoni,0.0,1.0,0.0,0.0,0.0,1.0,0.0,0.0,1.0,No specific target,Neck,1,1.0,0.0,0,0.0,0,0,-0.4113963548846198,0,0,0.0,2001,0,Berlin,NaN,Germany,52.510885,13.3989367
Allan Teo,0.0,1.0,0.0,0.0,0.0,1.0,0.0,0.0,1.0,No specific target,Other/Unknown,1,1.0,0.0,0,0.0,0,0,-0.4113963548846198,0,0,0.0,2003,0,Singapore,NaN,Singapore,1.2899175,103.8519072
T. Suzuki,0.0,2.0,0.0,0.0,0.0,1.0,0.0,0.0,2.0,No specific target,No specific vulnerability,1,1.0,1.0,2,0.0,0,0,-0.029200212847736,0,0,0.0,2005,0,Nagoya,NaN,Japan,35.1851045,136.8998438
D. Marinakis,0.0,1.0,0.0,0.0,0.0,1.0,0.0,0.0,1.0,No specific target,No specific vulnerability,1,1.0,0.0,0,0.0,0,0,-0.4113963548846198,0,0,0.0,2009,0,Athens,NaN,Greece,37.9755648,23.7348324
Sotaro Yamada,0.0,1.0,0.0,0.0,0.0,1.0,0.0,0.0,1.0,No specific target,No specific vulnerability,1,1.0,0.0,0,0.0,0,0,-0.4113963548846198,0,0,0.0,2013,0,Kyoto,NaN,Japan,35.021041,135.7556075
Rodney Ellis,0.0,1.0,0.0,0.0,0.0,1.0,0.0,0.0,1.0,No specific target,Neck,1,1.0,0.0,0,0.0,0,0,-0.4113963548846198,0,0,0.0,2009,0,Perth,NaN,Australia,-31.9558933,115.8605855
Bruno Bastos,0.0,4.0,0.0,0.0,0.0,1.0,0.0,0.0,4.0,No specific target,Neck,1,2.0,0.25,1,0.5,0,0,-0.3158473193753989,0,0,0.0,2009,0,Belo Horizonte,NaN,Brazil,-19.9227318,-43.9450948
Marcos Oliveira,0.0,1.0,0.0,0.0,0.0,1.0,0.0,0.0,1.0,No specific target,No specific vulnerability,1,4.0,1.0,1,0.0,0,0,-0.3158473193753989,0,0,0.0,2007,0,Rio de Janeiro,NaN,Brazil,-22.9110137,-43.2093727
Anthony Perosh,0.0,1.0,0.0,0.0,0.0,1.0,0.0,0.0,1.0,No specific target,No specific vulnerability,1,3.0,0.0,0,0.0,0,0,-0.4113963548846198,0,0,0.0,2009,0,Sydney,NaN,Australia,-33.8698439,151.2082848
Kiuma Kunioku,0.0,1.0,0.0,0.0,0.0,1.0,0.0,0.0,1.0,No specific target,Neck,1,1.0,0.0,0,0.0,0,0,-0.4113963548846198,0,0,0.0,2003,0,Tokyo,NaN,Japan,35.6768601,139.7638947
Mario Miranda,0.0,1.0,0.0,0.0,0.0,1.0,0.0,0.0,1.0,No specific target,Neck,1,,0.0,0,1.0,0,0,-0.4113963548846198,0,0,0.0,2007,0,Rio de Janeiro,NaN,Brazil,-22.9110137,-43.2093727
George Sotiropoulos,0.0,1.0,0.0,0.0,0.0,1.0,0.0,0.0,1.0,No specific target,Neck,1,1.0,0.0,0,0.0,0,0,-0.4113963548846198,0,0,0.0,2007,0,Melbourne,NaN,Australia,-37.8142454,144.9631732
Keita Nakamura,0.0,1.0,0.0,0.0,0.0,1.0,0.0,0.0,1.0,No specific target,Neck,1,1.0,2.0,2,0.0,0,0,-0.029200212847736,0,0,0.0,2009,0,Osaka,NaN,Japan,34.6937569,135.5014539
Robert Sabaruddin,0.0,1.0,0.0,0.0,0.0,1.0,0.0,0.0,1.0,No specific target,No specific vulnerability,1,0.0,0.0,0,0.0,0,0,-0.4113963548846198,0,0,0.0,2013,0,Jakarta,NaN,Indonesia,-6.175247,106.8270488
Alex Negao,0.0,1.0,0.0,0.0,0.0,1.0,0.0,0.0,1.0,No specific target,Neck,1,4.0,2.0,2,0.0,0,0,-0.029200212847736,0,0,0.0,2003,0,São Paulo,NaN,Brazil,-1.2043218,-47.1583944
Miodrag Petkovic,0.0,1.0,0.0,0.0,0.0,1.0,0.0,0.0,1.0,No specific target,Neck,1,4.0,0.0,0,0.0,0,0,-0.4113963548846198,0,0,0.0,2005,0,Belgrade,NaN,Serbia,44.8178131,20.4568974
J. Pietlainen,0.0,1.0,0.0,0.0,0.0,1.0,0.0,0.0,1.0,No specific target,Arm,1,4.0,0.0,0,0.0,0,0,-0.4113963548846198,0,0,0.0,2007,0,Helsinki,NaN,Finland,60.1674881,24.9427473
Takanori Gomi,0.0,1.0,0.0,0.0,0.0,1.0,0.0,0.0,1.0,No specific target,Neck,1,1.0,0.0,0,0.0,0,0,-0.4113963548846198,0,0,0.0,2001,0,Tokyo,NaN,Japan,35.6768601,139.7638947
Jorge Britto,0.0,1.0,0.0,0.0,0.0,1.0,0.0,0.0,1.0,No specific target,Arm,1,1.0,0.0,0,0.0,0,0,-0.4113963548846198,0,0,0.0,2011,0,São Paulo,NaN,Brazil,-1.2043218,-47.1583944
Keller Sodhi,0.0,1.0,0.0,0.0,0.0,1.0,0.0,0.0,1.0,No specific target,No specific vulnerability,1,2.0,0.0,0,0.0,0,0,-0.4113963548846198,0,0,0.0,2019,0,Delhi,NaN,India,28.6273928,77.1716954
Youngnam Noh,0.0,1.0,0.0,0.0,0.0,1.0,0.0,0.0,1.0,No specific target,Neck,1,1.0,0.0,0,0.0,0,0,-0.4113963548846198,0,0,0.0,2013,0,Seoul,NaN,South Korea,37.5666791,126.9782914
Kitner Mendoga,0.0,1.0,0.0,0.0,0.0,1.0,0.0,0.0,1.0,No specific target,Neck,1,4.0,0.0,0,0.0,0,0,-0.4113963548846198,0,0,0.0,2013,0,Rio de Janeiro,NaN,Brazil,-22.9110137,-43.2093727
H. Sekine,0.0,1.0,0.0,0.0,0.0,1.0,0.0,0.0,1.0,No specific target,No specific vulnerability,1,4.0,0.0,0,0.0,0,0,-0.4113963548846198,0,0,0.0,2017,0,Tokyo,NaN,Japan,35.6768601,139.7638947
Mateusz Juskowiak,0.0,1.0,0.0,0.0,0.0,1.0,0.0,0.0,1.0,No specific target,No specific vulnerability,1,4.0,0.0,0,0.0,0,0,-0.4113963548846198,0,0,0.0,2019,0,Poznań,NaN,Poland,52.4082663,16.9335199
E. Elgland,0.0,1.0,0.0,0.0,0.0,1.0,0.0,0.0,1.0,No specific target,No specific vulnerability,1,0.0,0.0,0,0.0,0,0,-0.4113963548846198,0,0,0.0,2017,0,Stockholm,NaN,Sweden,59.3251172,18.0710935
Eric Dahlberg,0.0,1.0,0.0,0.0,0.0,1.0,0.0,0.0,1.0,No specific target,No specific vulnerability,1,1.0,0.0,0,0.0,0,0,-0.4113963548846198,0,0,0.0,2007,0,Gothenburg,NaN,Sweden,57.7072326,11.9670171
Doorwang Jeon,0.0,1.0,0.0,0.0,0.0,1.0,0.0,0.0,1.0,No specific target,No specific vulnerability,1,2.0,0.0,0,0.0,0,0,-0.4113963548846198,0,0,0.0,2013,0,Seoul,NaN,South Korea,37.5666791,126.9782914
Janus Andrejczuk,0.0,1.0,0.0,0.0,0.0,1.0,0.0,0.0,1.0,No specific target,No specific vulnerability,1,0.0,0.0,0,0.0,0,0,-0.4113963548846198,0,0,0.0,2017,0,Warsaw,NaN,Poland,52.2337172,21.071432235636493
Kenta Iwamoto,0.0,1.0,0.0,0.0,0.0,1.0,0.0,0.0,1.0,No specific target,No specific vulnerability,1,0.0,0.0,0,0.0,0,0,-0.4113963548846198,0,0,0.0,2019,0,Nagoya,NaN,Japan,35.1851045,136.8998438
Wagnney Fabiano,0.0,1.0,0.0,0.0,0.0,1.0,0.0,0.0,1.0,No specific target,No specific vulnerability,1,0.0,1.0,1,0.0,0,0,-0.3158473193753989,0,0,0.0,2005,0,São Paulo,NaN,Brazil,-1.2043218,-47.1583944
Jeon Doo,0.0,1.0,0.0,0.0,0.0,1.0,0.0,0.0,1.0,No specific target,Neck,1,2.0,0.0,0,0.0,0,0,-0.4113963548846198,0,0,0.0,2011,0,Seoul,NaN,South Korea,37.5666791,126.9782914
Shinsho Anzai,0.0,1.0,0.0,0.0,0.0,1.0,0.0,0.0,1.0,No specific target,Neck,1,2.0,0.0,0,0.0,0,0,-0.4113963548846198,0,0,0.0,2013,0,Tokyo,NaN,Japan,35.6768601,139.7638947
Hidemi Mihara,0.0,1.0,0.0,0.0,0.0,1.0,0.0,0.0,1.0,No specific target,No specific vulnerability,1,2.0,0.0,0,0.0,0,0,-0.4113963548846198,0,0,0.0,2015,0,Tokyo,NaN,Japan,35.6768601,139.7638947
Abdulkadirov Magomed,0.0,2.0,0.0,0.0,0.0,1.0,0.0,0.0,2.0,No specific target,No specific vulnerability,1,1.0,0.5,1,0.5,0,0,-0.3158473193753989,0,0,0.0,2015,0,Makhachkala,NaN,Russia,42.9830241,47.5048717
Perttu Terpponnen,0.0,1.0,0.0,0.0,0.0,1.0,0.0,0.0,1.0,No specific target,Neck,1,3.0,0.0,0,0.0,0,0,-0.4113963548846198,0,0,0.0,2022,0,Helsinki,NaN,Finland,60.1674881,24.9427473
Teemu Launis,0.0,1.0,0.0,0.0,0.0,1.0,0.0,0.0,1.0,No specific target,Other/Unknown,1,0.0,0.0,0,0.0,0,0,-0.4113963548846198,0,0,0.0,2003,0,Helsinki,NaN,Finland,60.1674881,24.9427473
Mario Delgado,0.0,1.0,0.0,0.0,0.0,1.0,0.0,0.0,1.0,No specific target,Neck,1,0.0,0.0,0,0.0,0,0,-0.4113963548846198,0,0,0.0,2005,0,Quito,NaN,Ecuador,-0.2201641,-78.5123274
Darrel Moodley,0.0,1.0,0.0,0.0,0.0,1.0,0.0,0.0,1.0,No specific target,Other/Unknown,1,0.0,0.0,0,0.0,0,0,-0.4113963548846198,0,0,0.0,2007,0,Johannesburg,NaN,South Africa,-26.205,28.049722
Kouhei Yasumi,0.0,1.0,0.0,0.0,0.0,1.0,0.0,0.0,1.0,No specific target,Neck,1,0.0,0.0,0,0.0,0,0,-0.4113963548846198,0,0,0.0,2009,0,Osaka,NaN,Japan,34.6937569,135.5014539
Rodrigo Modrias,0.0,1.0,0.0,0.0,0.0,1.0,0.0,0.0,1.0,No specific target,No specific vulnerability,1,1.0,1.0,1,0.0,0,0,-0.3158473193753989,0,0,0.0,1998,0,Rio de Janeiro,NaN,Brazil,-22.9110137,-43.2093727
Fabiano Iha,0.0,1.0,0.0,0.0,0.0,1.0,0.0,0.0,1.0,No specific target,No specific vulnerability,1,1.0,2.0,2,0.0,0,0,-0.029200212847736,0,0,0.0,1998,0,São Paulo,NaN,Brazil,-1.2043218,-47.1583944
Israel Albuquerque,0.0,1.0,0.0,0.0,0.0,1.0,0.0,0.0,1.0,No specific target,No specific vulnerability,1,1.0,1.0,1,0.0,0,0,-0.3158473193753989,0,0,0.0,2000,0,Brasília,NaN,Brazil,-10.3333333,-53.2
G. Sotiropoulos,0.0,1.0,0.0,0.0,0.0,1.0,0.0,0.0,1.0,No specific target,No specific vulnerability,1,1.0,0.0,0,0.0,0,0,-0.4113963548846198,0,0,0.0,2003,0,Melbourne,NaN,Australia,-37.8142454,144.9631732
Y. Setsenko,0.0,1.0,0.0,0.0,0.0,1.0,0.0,0.0,1.0,No specific target,Neck,1,3.0,0.0,0,0.0,0,0,-0.4113963548846198,0,0,0.0,2001,0,Moscow,NaN,Russia,55.7505412,37.6174782
Marshurenko,0.0,1.0,0.0,0.0,0.0,1.0,0.0,0.0,1.0,No specific target,No specific vulnerability,1,,0.0,0,1.0,0,0,-0.4113963548846198,0,0,0.0,2001,0,Kyiv,NaN,Ukraine,50.4500336,30.5241361
M. Van,0.0,1.0,0.0,0.0,0.0,1.0,0.0,0.0,1.0,No specific target,Arm,1,,1.0,1,1.0,0,0,-0.3158473193753989,0,0,0.0,2001,0,Ho Chi Minh City,NaN,Vietnam,10.7763897,106.7011391
R. Babalu,0.0,1.0,0.0,0.0,0.0,1.0,0.0,0.0,1.0,No specific target,No specific vulnerability,1,3.0,1.0,1,0.0,0,0,-0.3158473193753989,0,0,0.0,2001,0,Rio de Janeiro,NaN,Brazil,-22.9110137,-43.2093727
Luis Orlando,0.0,1.0,0.0,0.0,0.0,1.0,0.0,0.0,1.0,No specific target,No specific vulnerability,1,2.0,1.0,1,0.0,0,0,-0.3158473193753989,0,0,0.0,1999,0,São Paulo,NaN,Brazil,-1.2043218,-47.1583944
Toshiyuki Oyama,0.0,1.0,0.0,0.0,0.0,1.0,0.0,0.0,1.0,No specific target,Neck,1,2.0,0.0,0,0.0,0,0,-0.4113963548846198,0,0,0.0,2000,0,Tokyo,NaN,Japan,35.6768601,139.7638947
Yuta Sasaki,0.0,1.0,0.0,0.0,0.0,1.0,0.0,0.0,1.0,No specific target,Neck,1,0.0,0.0,0,0.0,0,0,-0.4113963548846198,0,0,0.0,2013,0,Tokyo,NaN,Japan,35.6768601,139.7638947
Yuki Ozawa,0.0,1.0,0.0,0.0,0.0,1.0,0.0,0.0,1.0,No specific target,No specific vulnerability,1,3.0,0.0,0,0.0,0,0,-0.4113963548846198,0,0,0.0,2003,0,Osaka,NaN,Japan,34.6937569,135.5014539
Sekine Hideki,0.0,1.0,0.0,0.0,0.0,1.0,0.0,0.0,1.0,No specific target,Arm,1,4.0,0.0,0,0.0,0,0,-0.4113963548846198,0,0,0.0,2011,0,Tokyo,NaN,Japan,35.6768601,139.7638947
Mike Martelle,0.0,1.0,0.0,0.0,0.0,1.0,0.0,0.0,1.0,No specific target,Arm,1,4.0,0.0,0,0.0,0,0,-0.4113963548846198,0,0,0.0,2013,0,Kingston,NaN,Canada,44.230687,-76.481323
Kamil Huminski,0.0,1.0,0.0,0.0,0.0,1.0,0.0,0.0,1.0,No specific target,No specific vulnerability,1,,0.0,0,1.0,0,0,-0.4113963548846198,0,0,0.0,2013,0,Warsaw,NaN,Poland,52.2337172,21.071432235636493
Khazmat Stambulov,0.0,1.0,0.0,0.0,0.0,1.0,0.0,0.0,1.0,No specific target,No specific vulnerability,1,4.0,0.0,0,0.0,0,0,-0.4113963548846198,0,0,0.0,2017,0,Grozny,NaN,Russia,43.3197031,45.6934308
Jurie Rachel,0.0,1.0,0.0,0.0,0.0,1.0,0.0,0.0,1.0,No specific target,Other/Unknown,1,3.0,0.0,0,0.0,0,0,-0.4113963548846198,0,0,0.0,1999,0,Cape Town,NaN,South Africa,-33.9288301,18.4172197
Luis Roberto,0.0,1.0,0.0,0.0,0.0,1.0,0.0,0.0,1.0,No specific target,No specific vulnerability,1,,1.0,1,1.0,0,0,-0.3158473193753989,0,0,0.0,1999,0,Recife,NaN,Brazil,-8.0584933,-34.8848193
Hiroyuko Abe,0.0,1.0,0.0,0.0,0.0,1.0,0.0,0.0,1.0,No specific target,Neck,1,0.0,0.0,0,0.0,0,0,-0.4113963548846198,0,0,0.0,2001,0,Nagoya,NaN,Japan,35.1851045,136.8998438
Greger Forsel,0.0,1.0,0.0,0.0,0.0,1.0,0.0,0.0,1.0,No specific target,No specific vulnerability,1,0.0,0.0,0,0.0,0,0,-0.4113963548846198,0,0,0.0,2011,0,Stockholm,NaN,Sweden,59.3251172,18.0710935
Adrian Serrano,0.0,1.0,0.0,0.0,0.0,1.0,0.0,0.0,1.0,No specific target,Neck,1,2.0,0.0,0,0.0,0,0,-0.4113963548846198,0,0,0.0,1998,0,Buenos Aires,NaN,Argentina,-34.6083696,-58.4440583
Carlos Newton,0.0,1.0,0.0,0.0,0.0,1.0,0.0,0.0,1.0,No specific target,No specific vulnerability,1,2.0,1.0,1,0.0,0,0,-0.3158473193753989,0,0,0.0,1998,0,Toronto,Ontario,Canada,43.6534817,-79.3839347
Ahmad Faraj,0.0,1.0,0.0,0.0,0.0,1.0,0.0,0.0,1.0,No specific target,Arm,1,2.0,2.0,2,0.0,0,0,-0.029200212847736,0,0,0.0,1998,0,Amman,NaN,Jordan,31.9515694,35.9239625
Gavin Kulper,0.0,1.0,0.0,0.0,0.0,1.0,0.0,0.0,1.0,No specific target,Other/Unknown,1,1.0,1.0,1,0.0,0,0,-0.3158473193753989,0,0,0.0,2001,0,London,NaN,England,51.4893335,-0.14405508452768728
Jon Einemo,0.0,1.0,0.0,0.0,0.0,1.0,0.0,0.0,1.0,No specific target,No specific vulnerability,1,,5.0,5,1.0,0,0,1.977329532845904,0,0,0.0,2007,0,Oslo,NaN,Norway,59.9133301,10.7389701
Kim Dong,0.0,1.0,0.0,0.0,0.0,1.0,0.0,0.0,1.0,No specific target,Leg,1,2.0,0.0,0,0.0,0,0,-0.4113963548846198,0,0,0.0,2013,0,Seoul,NaN,South Korea,37.5666791,126.9782914
Nieman Gracie,0.0,1.0,0.0,0.0,0.0,1.0,0.0,0.0,1.0,No specific target,Arm,1,2.0,1.0,1,0.0,0,0,-0.3158473193753989,0,0,0.0,2015,0,Rio de Janeiro,NaN,Brazil,-22.9110137,-43.2093727
David Bielkheden,0.0,1.0,0.0,0.0,0.0,1.0,0.0,0.0,1.0,No specific target,Arm,1,2.0,0.0,0,0.0,0,0,-0.4113963548846198,0,0,0.0,2005,0,Stockholm,NaN,Sweden,59.3251172,18.0710935
Joao Roque,0.0,1.0,0.0,0.0,0.0,1.0,0.0,0.0,1.0,No specific target,No specific vulnerability,1,0.0,1.0,1,0.0,0,0,-0.3158473193753989,0,0,0.0,1999,0,Brasília,NaN,Brazil,-10.3333333,-53.2
Juan Valles,0.0,1.0,0.0,0.0,0.0,1.0,0.0,0.0,1.0,No specific target,Neck,1,0.0,0.0,0,0.0,0,0,-0.4113963548846198,0,0,0.0,1999,0,Guatemala City,NaN,Guatemala,14.6416142,-90.5132836
Melchor M.,0.0,1.0,0.0,0.0,0.0,1.0,0.0,0.0,1.0,No specific target,No specific vulnerability,1,0.0,2.0,2,0.0,0,0,-0.029200212847736,0,0,0.0,1999,0,Manila,NaN,Philippines,14.5904492,120.9803621
A. Hamlet,0.0,1.0,0.0,0.0,0.0,1.0,0.0,0.0,1.0,No specific target,No specific vulnerability,1,0.0,2.0,2,0.0,0,0,-0.029200212847736,0,0,0.0,2000,0,Oslo,NaN,Norway,59.9133301,10.7389701
Martin Brown,0.0,1.0,0.0,0.0,0.0,1.0,0.0,0.0,1.0,No specific target,Neck,1,0.0,0.0,0,0.0,0,0,-0.4113963548846198,0,0,0.0,2001,0,London,NaN,England,51.4893335,-0.14405508452768728
Hiroshi Nakamura,0.0,1.0,0.0,0.0,0.0,1.0,0.0,0.0,1.0,No specific target,Arm,1,0.0,0.0,0,0.0,0,0,-0.4113963548846198,0,0,0.0,2009,0,Tokyo,NaN,Japan,35.6768601,139.7638947
David Marinakis,0.0,1.0,0.0,0.0,0.0,1.0,0.0,0.0,1.0,No specific target,Neck,1,0.0,0.0,0,0.0,0,0,-0.4113963548846198,0,0,0.0,2011,0,Athens,NaN,Greece,37.9755648,23.7348324
Tezekbaev Rasul,0.0,1.0,0.0,0.0,0.0,1.0,0.0,0.0,1.0,No specific target,Neck,1,0.0,0.0,0,0.0,0,0,-0.4113963548846198,0,0,0.0,2015,0,Bishkek,NaN,Kyrgyzstan,42.8777895,74.6066926
U. Zhakshylyk,0.0,1.0,0.0,0.0,0.0,1.0,0.0,0.0,1.0,No specific target,No specific vulnerability,1,0.0,0.0,0,0.0,0,0,-0.4113963548846198,0,0,0.0,2017,0,Almaty,NaN,Kazakhstan,43.2363924,76.9457275
R. Anderson,0.0,1.0,0.0,0.0,0.0,1.0,0.0,0.0,1.0,No specific target,No specific vulnerability,1,2.0,1.0,1,0.0,0,0,-0.3158473193753989,0,0,0.0,2001,0,London,NaN,England,51.4893335,-0.14405508452768728
T. Yano,0.0,3.0,0.0,0.0,0.0,1.0,0.0,0.0,3.0,No specific target,Neck,1,0.0,0.3333333333333333,1,0.3333333333333333,0,0,-0.3158473193753989,0,0,0.0,2000,0,Nagoya,NaN,Japan,35.1851045,136.8998438
Yuki Sasaki,0.0,1.0,0.0,0.0,0.0,1.0,0.0,0.0,1.0,No specific target,No specific vulnerability,1,2.0,0.0,0,0.0,0,0,-0.4113963548846198,0,0,0.0,2003,0,Tokyo,NaN,Japan,35.6768601,139.7638947
L. Papadopoulis,0.0,1.0,0.0,0.0,0.0,1.0,0.0,0.0,1.0,No specific target,No specific vulnerability,1,2.0,0.0,0,0.0,0,0,-0.4113963548846198,0,0,0.0,2005,0,Athens,NaN,Greece,37.9755648,23.7348324
Kouji Kanechika,0.0,1.0,0.0,0.0,0.0,1.0,0.0,0.0,1.0,No specific target,No specific vulnerability,1,4.0,0.0,0,0.0,0,0,-0.4113963548846198,0,0,0.0,2009,0,Fukuoka,NaN,Japan,33.6251241,130.6180016
Jorge Santiago,0.0,1.0,0.0,0.0,0.0,1.0,0.0,0.0,1.0,No specific target,No specific vulnerability,1,2.0,0.0,0,0.0,0,0,-0.4113963548846198,0,0,0.0,2007,0,Rio de Janeiro,NaN,Brazil,-22.9110137,-43.2093727
I. Praporshchikov,0.0,1.0,0.0,0.0,0.0,1.0,0.0,0.0,1.0,No specific target,No specific vulnerability,1,2.0,0.0,0,0.0,0,0,-0.4113963548846198,0,0,0.0,2009,0,Moscow,NaN,Russia,55.7505412,37.6174782
Jose Junior,0.0,1.0,0.0,0.0,0.0,1.0,0.0,0.0,1.0,No specific target,Leg,1,4.0,1.0,1,0.0,0,0,-0.3158473193753989,0,0,0.0,2011,0,Dubai,NaN,UAE,25.2653471,55.2924914
Milton Vieira,0.0,1.0,0.0,0.0,0.0,1.0,0.0,0.0,1.0,No specific target,No specific vulnerability,1,1.0,0.0,0,0.0,0,0,-0.4113963548846198,0,0,0.0,2015,0,São Paulo,NaN,Brazil,-1.2043218,-47.1583944
Isaak Michel,0.0,1.0,0.0,0.0,0.0,1.0,0.0,0.0,1.0,No specific target,No specific vulnerability,1,2.0,0.0,0,0.0,0,0,-0.4113963548846198,0,0,0.0,2022,0,Sydney,NaN,Australia,-33.8698439,151.2082848
Sanshiro Nakamura,0.0,1.0,0.0,0.0,0.0,1.0,0.0,0.0,1.0,No specific target,No specific vulnerability,1,1.0,0.0,0,0.0,0,0,-0.4113963548846198,0,0,0.0,2011,0,Tokyo,NaN,Japan,35.6768601,139.7638947
Wang Yan,0.0,1.0,0.0,0.0,0.0,1.0,0.0,0.0,1.0,No specific target,Leg,1,4.0,0.0,0,0.0,0,0,-0.4113963548846198,0,0,0.0,2013,0,Beijing,NaN,China,39.9057136,116.3912972
P. Ardilla,0.0,1.0,0.0,0.0,0.0,1.0,0.0,0.0,1.0,No specific target,Leg,1,4.0,0.0,0,0.0,0,0,-0.4113963548846198,0,0,0.0,2015,0,Bogotá,NaN,Colombia,4.6533816,-74.0836333
Rumina Sato,0.0,1.0,0.0,0.0,0.0,1.0,0.0,0.0,1.0,No specific target,No specific vulnerability,1,1.0,0.0,0,0.0,0,0,-0.4113963548846198,0,0,0.0,2000,0,Tokyo,NaN,Japan,35.6768601,139.7638947
Fernando Vieira,0.0,1.0,0.0,0.0,0.0,1.0,0.0,0.0,1.0,No specific target,No specific vulnerability,1,2.0,1.0,1,0.0,0,0,-0.3158473193753989,0,0,0.0,2003,0,Brasília,NaN,Brazil,-10.3333333,-53.2
Hanette Staack,0.0,1.0,0.0,0.0,0.0,1.0,0.0,0.0,1.0,No specific target,No specific vulnerability,1,4.0,4.0,4,0.0,0,0,1.1173882132629154,0,0,0.0,2011,1,Rio de Janeiro,NaN,Brazil,-22.9110137,-43.2093727
Jessica Flowers,0.0,1.0,0.0,0.0,0.0,1.0,0.0,0.0,1.0,No specific target,No specific vulnerability,1,4.0,2.0,2,0.0,0,0,-0.029200212847736,0,0,0.0,2017,1,Belo Horizonte,NaN,Brazil,-19.9227318,-43.9450948
Akira Soji,0.0,1.0,0.0,0.0,0.0,1.0,0.0,0.0,1.0,No specific target,Arm,1,,1.0,1,1.0,0,0,-0.3158473193753989,0,0,0.0,2003,0,Osaka,NaN,Japan,34.6937569,135.5014539
Otto Olsen,0.0,1.0,0.0,0.0,0.0,1.0,0.0,0.0,1.0,No specific target,Neck,1,1.0,4.0,4,0.0,0,0,1.1173882132629154,0,0,0.0,2003,0,Oslo,NaN,Norway,59.9133301,10.7389701
Renan Sancar,0.0,1.0,0.0,0.0,0.0,1.0,0.0,0.0,1.0,No specific target,No specific vulnerability,1,0.0,1.0,1,0.0,0,0,-0.3158473193753989,0,0,0.0,2015,0,Recife,NaN,Brazil,-8.0584933,-34.8848193
Mateusz Garmot,0.0,1.0,0.0,0.0,0.0,1.0,0.0,0.0,1.0,No specific target,Neck,1,1.0,0.0,0,0.0,0,0,-0.4113963548846198,0,0,0.0,2019,0,Warsaw,NaN,Poland,52.2337172,21.071432235636493
Kaynan D.,0.0,1.0,0.0,0.0,0.0,1.0,0.0,0.0,1.0,No specific target,Leg,1,2.0,1.0,1,0.0,0,0,-0.3158473193753989,0,0,0.0,2017,0,São Paulo,NaN,Brazil,-1.2043218,-47.1583944
Mraz Avdoyan,0.0,1.0,0.0,0.0,0.0,1.0,0.0,0.0,1.0,No specific target,No specific vulnerability,1,3.0,0.0,0,0.0,0,0,-0.4113963548846198,0,0,0.0,2019,0,Yerevan,NaN,Armenia,40.1777112,44.5126233
Rodrigo Minotauro,0.0,1.0,0.0,0.0,0.0,1.0,0.0,0.0,1.0,No specific target,Leg,1,4.0,1.0,1,0.0,0,0,-0.3158473193753989,0,0,0.0,2000,0,Salvador,NaN,Brazil,-12.9822499,-38.4812772
Tobias G,0.0,1.0,0.0,0.0,0.0,1.0,0.0,0.0,1.0,No specific target,No specific vulnerability,1,3.0,0.0,0,0.0,0,0,-0.4113963548846198,0,0,0.0,2015,0,Berlin,NaN,Germany,52.510885,13.3989367
Kari Petola,0.0,1.0,0.0,0.0,0.0,1.0,0.0,0.0,1.0,No specific target,No specific vulnerability,1,3.0,0.0,0,0.0,0,0,-0.4113963548846198,0,0,0.0,2011,0,Helsinki,NaN,Finland,60.1674881,24.9427473
Adele Fornarino,0.0,1.0,0.0,0.0,0.0,1.0,0.0,0.0,1.0,No specific target,Neck,1,0.0,1.0,1,0.0,0,0,-0.3158473193753989,0,0,0.0,2022,1,Rome,NaN,Italy,41.8933203,12.4829321
Tom Barlow,0.0,1.0,0.0,0.0,0.0,1.0,0.0,0.0,1.0,No specific target,No specific vulnerability,1,0.0,0.0,0,0.0,0,0,-0.4113963548846198,0,0,0.0,2011,0,London,NaN,England,51.4893335,-0.14405508452768728
Janne Pietilainen,0.0,1.0,0.0,0.0,0.0,1.0,0.0,0.0,1.0,No specific target,No specific vulnerability,1,4.0,1.0,1,0.0,0,0,-0.3158473193753989,0,0,0.0,2013,0,Helsinki,NaN,Finland,60.1674881,24.9427473
Ricardo Alves,0.0,1.0,0.0,0.0,0.0,1.0,0.0,0.0,1.0,No specific target,No specific vulnerability,1,3.0,4.0,4,0.0,0,0,1.1173882132629154,0,0,0.0,1998,0,Rio de Janeiro,NaN,Brazil,-22.9110137,-43.2093727
Sim Go,0.0,1.0,0.0,0.0,0.0,1.0,0.0,0.0,1.0,No specific target,No specific vulnerability,1,1.0,0.0,0,0.0,0,0,-0.4113963548846198,0,0,0.0,2007,0,Seoul,NaN,South Korea,37.5666791,126.9782914
Roan Jucao,0.0,1.0,0.0,0.0,0.0,1.0,0.0,0.0,1.0,No specific target,No specific vulnerability,1,1.0,1.0,1,0.0,0,0,-0.3158473193753989,0,0,0.0,2005,0,Brasília,NaN,Brazil,-10.3333333,-53.2
Bruno Chavez,0.0,1.0,0.0,0.0,0.0,1.0,0.0,0.0,1.0,No specific target,No specific vulnerability,1,0.0,1.0,1,0.0,0,0,-0.3158473193753989,0,0,0.0,2007,0,São Paulo,NaN,Brazil,-1.2043218,-47.1583944
Luis Brito,0.0,1.0,0.0,0.0,0.0,1.0,0.0,0.0,1.0,No specific target,Neck,1,1.0,4.0,4,0.0,0,0,1.1173882132629154,0,0,0.0,1998,0,Caracas,NaN,Venezuela,10.5060934,-66.9146008
Fan Yi,0.0,1.0,0.0,0.0,0.0,1.0,0.0,0.0,1.0,No specific target,Other/Unknown,1,2.0,0.0,0,0.0,0,0,-0.4113963548846198,0,0,0.0,1999,0,Beijing,NaN,China,39.9057136,116.3912972
H. Kanehara,0.0,1.0,0.0,0.0,0.0,1.0,0.0,0.0,1.0,No specific target,Leg,1,3.0,0.0,0,0.0,0,0,-0.4113963548846198,0,0,0.0,2000,0,Osaka,NaN,Japan,34.6937569,135.5014539
R. Mashurenko,0.0,1.0,0.0,0.0,0.0,1.0,0.0,0.0,1.0,No specific target,No specific vulnerability,1,3.0,0.0,0,0.0,0,0,-0.4113963548846198,0,0,0.0,2001,0,Kyiv,NaN,Ukraine,50.4500336,30.5241361
Tamura,0.0,1.0,0.0,0.0,0.0,1.0,0.0,0.0,1.0,No specific target,Arm,1,2.0,0.0,0,0.0,0,0,-0.4113963548846198,0,0,0.0,2001,0,Tokyo,NaN,Japan,35.6768601,139.7638947
F. Capoane,0.0,1.0,0.0,0.0,0.0,1.0,0.0,0.0,1.0,No specific target,No specific vulnerability,1,,0.0,0,1.0,0,0,-0.4113963548846198,0,0,0.0,1999,0,Bucharest,NaN,Romania,44.4361414,26.1027202
Genki Sudo,0.0,1.0,0.0,0.0,0.0,1.0,0.0,0.0,1.0,No specific target,No specific vulnerability,1,1.0,0.0,0,0.0,0,0,-0.4113963548846198,0,0,0.0,2001,0,Tokyo,NaN,Japan,35.6768601,139.7638947
Robert Sulski,0.0,1.0,0.0,0.0,0.0,1.0,0.0,0.0,1.0,No specific target,Neck,1,2.0,1.0,1,0.0,0,0,-0.3158473193753989,0,0,0.0,2005,0,Warsaw,NaN,Poland,52.2337172,21.071432235636493
J. Wakabayashi,0.0,1.0,0.0,0.0,0.0,1.0,0.0,0.0,1.0,No specific target,No specific vulnerability,1,0.0,1.0,1,0.0,0,0,-0.3158473193753989,0,0,0.0,2000,0,Osaka,NaN,Japan,34.6937569,135.5014539
D. Hemmings,0.0,1.0,0.0,0.0,0.0,1.0,0.0,0.0,1.0,No specific target,Neck,1,0.0,0.0,0,0.0,0,0,-0.4113963548846198,0,0,0.0,2013,0,London,NaN,England,51.4893335,-0.14405508452768728
Takefuni Hanai,0.0,1.0,0.0,0.0,0.0,1.0,0.0,0.0,1.0,No specific target,Other/Unknown,1,1.0,0.0,0,0.0,0,0,-0.4113963548846198,0,0,0.0,2007,0,Tokyo,NaN,Japan,35.6768601,139.7638947
Dan Manasoiu,0.0,1.0,0.0,0.0,0.0,1.0,0.0,0.0,1.0,No specific target,No specific vulnerability,1,4.0,0.0,0,0.0,0,0,-0.4113963548846198,0,0,0.0,2022,0,Bucharest,NaN,Romania,44.4361414,26.1027202
Livia Giles,0.0,1.0,0.0,0.0,0.0,1.0,0.0,0.0,1.0,No specific target,Neck,1,0.0,1.0,1,0.0,0,0,-0.3158473193753989,0,0,0.0,2019,1,Sydney,NaN,Australia,-33.8698439,151.2082848
Roman Dolidze,0.0,1.0,0.0,0.0,0.0,1.0,0.0,0.0,1.0,No specific target,No specific vulnerability,1,3.0,0.0,0,0.0,0,0,-0.4113963548846198,0,0,0.0,2017,0,Batumi,NaN,Georgia,41.6509502,41.6360085
Hector Lombard,0.0,1.0,0.0,0.0,0.0,1.0,0.0,0.0,1.0,No specific target,No specific vulnerability,1,3.0,1.0,1,0.0,0,0,-0.3158473193753989,0,0,0.0,2015,0,Havana,NaN,Cuba,23.135305,-82.3589631
Asadulaev Surkhay,0.0,1.0,0.0,0.0,0.0,1.0,0.0,0.0,1.0,No specific target,Leg,1,0.0,0.0,0,0.0,0,0,-0.4113963548846198,0,0,0.0,2015,0,Makhachkala,NaN,Russia,42.9830241,47.5048717
Marcio Cromado,0.0,1.0,0.0,0.0,0.0,1.0,0.0,0.0,1.0,No specific target,Neck,1,1.0,0.0,0,0.0,0,0,-0.4113963548846198,0,0,0.0,2000,0,Rio de Janeiro,NaN,Brazil,-22.9110137,-43.2093727
Gao Hua,0.0,1.0,0.0,0.0,0.0,1.0,0.0,0.0,1.0,No specific target,Other/Unknown,1,3.0,0.0,0,0.0,0,0,-0.4113963548846198,0,0,0.0,1999,0,Beijing,NaN,China,39.9057136,116.3912972
Mourat Ozov,0.0,1.0,0.0,0.0,0.0,1.0,0.0,0.0,1.0,No specific target,Neck,1,3.0,0.0,0,0.0,0,0,-0.4113963548846198,0,0,0.0,1999,0,Istanbul,NaN,Turkey,41.0766019,29.052495
Rodrigo Artilheiro,0.0,1.0,0.0,0.0,0.0,1.0,0.0,0.0,1.0,No specific target,Other/Unknown,1,4.0,1.0,1,0.0,0,0,-0.3158473193753989,0,0,0.0,2015,0,Rio de Janeiro,NaN,Brazil,-22.9110137,-43.2093727
K. Toida,0.0,1.0,0.0,0.0,0.0,1.0,0.0,0.0,1.0,No specific target,Neck,1,0.0,0.0,0,0.0,0,0,-0.4113963548846198,0,0,0.0,2003,0,Tokyo,NaN,Japan,35.6768601,139.7638947
Manu Garcia,0.0,1.0,0.0,0.0,0.0,1.0,0.0,0.0,1.0,No specific target,No specific vulnerability,1,2.0,0.0,0,0.0,0,0,-0.4113963548846198,0,0,0.0,2000,0,Barcelona,NaN,Spain,41.3828939,2.1774322
Jesse Urholin,0.0,1.0,0.0,0.0,0.0,1.0,0.0,0.0,1.0,No specific target,No specific vulnerability,1,2.0,0.0,0,0.0,0,0,-0.4113963548846198,0,0,0.0,2017,0,Helsinki,NaN,Finland,60.1674881,24.9427473
Rodrigo Caporal,0.0,1.0,0.0,0.0,0.0,1.0,0.0,0.0,1.0,No specific target,No specific vulnerability,1,2.0,0.0,0,0.0,0,0,-0.4113963548846198,0,0,0.0,2013,0,Santos,NaN,Brazil,-23.9335988,-46.3286399
Mayssa Bastos,0.0,1.0,0.0,0.0,0.0,1.0,0.0,0.0,1.0,No specific target,No specific vulnerability,1,0.0,1.0,1,0.0,0,0,-0.3158473193753989,0,0,0.0,2022,1,Niterói,NaN,Brazil,-22.8884,-43.1147
